Arena ID,Card Name
74159,Swamp
75442,Angel of Vitality
87323,Tectonic Hazard
89210,Mountain
90452,Shoot the Sheriff
90604,Forlorn Flats
90605,Jagged Barrens
90616,Inspiring Vantage
91631,Fell
91652,Starscape Cleric
91666,Coruscation Mage
91759,Lunar Convocation
91778,"Zoraline, Cosmos Caller"
93661,Opt
93722,Dazzling Angel
93742,Arcane Epiphany
93748,Drake Hatcher
93760,Mischievous Mystic
93799,Fiery Annihilation
93812,Apothecary Stomper
93818,Felling Blow
93829,Anthem of Champions
93832,"Elenda, Saint of Dusk"
93839,"Zimone, Paradox Sculptor"
93848,Ajani's Pridemate
93855,Healer's Hawk
93877,Spectral Sailor
93899,Vampire Nighthawk
93914,Heartfire Immolator
93941,Mild-Mannered Librarian
93947,Vivien Reid
93958,"Ruby, Daring Tracker"
93979,Scoured Barrens
93981,Swiftwater Cliffs
93982,Thornwood Falls
94014,Chart a Course
94063,Circuitous Route
94072,Primeval Bounty
94073,Rampaging Baloths
94085,Enigma Drake
94087,"Halana and Alena, Partners"
94090,Mortify
94123,Simic Guildgate
95175,Mountain
95191,Plains
95193,Island
95194,Island
95195,Swamp
95199,Forest
95779,Blossoming Sands
95798,Tranquil Cove
95856,Aerith Gainsborough
95883,Phoenix Down
95898,White Mage's Staff
95899,The Wind Crystal
95948,Black Mage's Rod
96101,"Joshua, Phoenix's Dominant // Phoenix, Warden of Fire"
96133,Buster Sword
96135,Excalibur II
96147,Ring of the Lucii
96190,Mountain
96191,Forest
97417,Iroh's Demonstration
98591,Plains
102630,Abstract Paintmage
102716,Great Hall of the Biblioplex
102789,Abrade
102792,Bulk Up
102793,Burst Lightning
103373,"Bofur, Reliable Guardian // Concerted Care"
103472,"Gandalf, Goblins' Bane // Flameshape"
103578,Plains
103580,Swamp
103581,Mountain
104932,Take Up the Shield
104942,Bruce Banner // The Incredible Hulk
105078,Restorative Technique
105099,The Astonishing Ant-Man
105161,Fisk Tower
105174,Plains
105176,Island
105180,Mountain
105182,Forest
