Card Name,Type,Card Text,Color(s),Synergies,Set Code,Collector #,Rarity,Target,Note,Power,Power Source
"Bria, Riptide Rogue",Legendary Creature — Otter Rogue,"Prowess (Whenever you cast a noncreature spell, this creature gets +1/+1 until end of turn.)
Other creatures you control have prowess. (If a creature has multiple instances of prowess, each triggers separately.)
Whenever you cast a noncreature spell, target creature you control can't be blocked this turn.",U/R,Otter; Rogue; pump; prowess; spellslinger; tempo,BLB,379,Mythic,25,prowess + gives your team menace/evasion,6.5,hand
"Dragonhawk, Fate's Tempest",Legendary Creature — Bird Dragon,"Flying
Whenever Dragonhawk enters or attacks, exile the top X cards of your library, where X is the number of creatures you control with power 4 or greater. You may play those cards until your next end step. At the beginning of your next end step, Dragonhawk deals 2 damage to each opponent for each of those cards that are still exiled.",R,Bird; Dragon; burn; impulse; flying; evasion,BLB,132,Mythic,24,impulse + burn payoff,6.5,hand
"Ral, Crackling Wit",Legendary Planeswalker — Ral,"Whenever you cast a noncreature spell, put a loyalty counter on Ral.
+1: Create a 1/1 blue and red Otter creature token with prowess.
−3: Draw three cards, then discard two cards.
−10: Draw three cards. You get an emblem with ""Instant and sorcery spells you cast have storm."" (Whenever you cast an instant or sorcery spell, copy it for each spell cast before it this turn.)",U/R,Ral; Planeswalker; counters; card draw; tokens; planeswalker; spellslinger,BLB,230,Mythic,25,UR spellslinger planeswalker — tokens + copy your spells,7.5,hand
"Alania, Divergent Storm",Legendary Creature — Otter Wizard,"Whenever you cast a spell, if it's the first instant spell, the first sorcery spell, or the first Otter spell other than Alania you've cast this turn, you may have target opponent draw a card. If you do, copy that spell. You may choose new targets for the copy.",U/R,Otter; Wizard; card draw,BLB,204,Rare,25,copy your first spell of each type each turn,6.0,hand
Colossification,Enchantment — Aura,"Enchant creature
When this Aura enters, tap enchanted creature.
Enchanted creature gets +20/+20.",G,Aura; etb; aura; pump; enchant,BLB,392,Rare,50,,6.0,hand
Essence Channeler,Creature — Bat Cleric,"As long as you've lost life this turn, this creature has flying and vigilance.
Whenever you gain life, put a +1/+1 counter on this creature.
When this creature dies, put its counters on target creature you control.",W,Bat; Cleric; counters,BLB,12,Rare,20,"W lifegain payoff: gain life -> counters, life-loss -> flying — fits Orzhov lifegain (20)",5.0,hand
Tender Wildguide,Creature — Possum Druid,"Offspring {2} (You may pay an additional {2} as you cast this spell. If you do, when this creature enters, create a 1/1 token copy of it.)
{T}: Add one mana of any color.
{T}: Put a +1/+1 counter on this creature.",G,Possum; Druid; counters; tokens; mana; etb; offspring; go-wide,BLB,196,Rare,50,,3.0,seed
Thornvault Forager,Creature — Squirrel Ranger,"{T}: Add {G}.
{T}, Forage: Add two mana in any combination of colors. (To forage, exile three cards from your graveyard or sacrifice a Food.)
{3}{G}, {T}: Search your library for a Squirrel card, reveal it, put it into your hand, then shuffle.",G,Squirrel; Ranger; graveyard; sacrifice; mana; food; forage,BLB,197,Rare,50,,4.5,seed
Three Tree City,Legendary Land,"As Three Tree City enters, choose a creature type.
{T}: Add {C}.
{2}, {T}: Choose a color. Add an amount of mana of that color equal to the number of creatures you control of the chosen type.",Colorless,mana,BLB,260,Rare,49,"25th land in 49. {2},{T}: mana equal to Dragon count — needs 4+ of a type to beat a plain tap; 49 is the only deck on the roster that is mono-colour, dense enough, has a top end, and does not sweep its own board.",6.0,hand
Builder's Talent,Enchantment — Class,"(Gain the next level as a sorcery to add its ability.)
When this Class enters, create a 0/4 white Wall creature token with defender.
{W}: Level 2
Whenever one or more noncreature, nonland permanents you control enter, put a +1/+1 counter on target creature you control.
{4}{W}: Level 3
When this Class becomes level 3, return target noncreature, nonland permanent card from your graveyard to the battlefield.",W,Class; counters; reanimator; graveyard; tokens; etb,BLB,5,Uncommon,29,,5.5,hand
Calamitous Tide,Sorcery,"Return up to two target creatures to their owners' hands. Draw two cards, then discard a card.",U,card draw; bounce,BLB,43,Uncommon,51,,3.5,seed
Long River's Pull,Instant,"Gift a card (You may promise an opponent a gift as you cast this spell. If you do, they draw a card before its other effects.)
Counter target creature spell. If the gift was promised, instead counter target spell.",U,counterspell; card draw; gift; value,BLB,58,Uncommon,51,,3.0,seed
Pawpatch Formation,Instant,"Choose one —
• Destroy target creature with flying.
• Destroy target enchantment.
• Draw a card. Create a Food token. (It's an artifact with ""{2}, {T}, Sacrifice this token: You gain 3 life."")",G,lifegain; card draw; sacrifice; tokens; removal; food,BLB,186,Uncommon,50,,5.5,hand
Spellgyre,Instant,"Choose one —
• Counter target spell.
• Surveil 2, then draw two cards. (To surveil 2, look at the top two cards of your library, then put any number of them into your graveyard and the rest on top of your library in any order.)",U,counterspell; graveyard; card draw; selection; surveil,BLB,72,Uncommon,51,,4.0,seed
Splash Portal,Sorcery,"Exile target creature you control, then return it to the battlefield under its owner's control. If that creature is a Bird, Frog, Otter, or Rat, draw a card.",U,card draw; removal; blink,BLB,74,Uncommon,51,,3.0,seed
Starforged Sword,Artifact — Equipment,"Gift a tapped Fish (You may promise an opponent a gift as you cast this spell. If you do, when it enters, they create a tapped 1/1 blue Fish creature token.)
When this Equipment enters, if the gift was promised, attach this Equipment to target creature you control.
Equipped creature gets +3/+3 and loses flying.
Equip {3}",Colorless,Equipment; tokens; etb; equipment; pump; gift; value; equip,BLB,249,Uncommon,38,,3.0,hand
Sunshower Druid,Creature — Frog Druid,"When this creature enters, put a +1/+1 counter on target creature and you gain 1 life.",G,Frog; Druid; counters; lifegain; etb,BLB,195,Common,50,,1.5,seed
Three Tree Rootweaver,Creature — Mole Druid,{T}: Add one mana of any color.,G,Mole; Druid; mana,BLB,198,Common,50,,1.0,seed
Regal Imperiosaur,Creature — Dinosaur,Other Dinosaurs you control get +1/+1.,G,Dinosaur; pump,DFT,177,Rare,28,,5.5,hand
Riverchurn Monument,Artifact,"{1}, {T}: Any number of target players each mill two cards. (Each of them puts the top two cards of their library into their graveyard.)
Exhaust — {2}{U}{U}, {T}: Any number of target players each mill cards equal to the number of cards in their graveyard. (Activate each exhaust ability only once.)",U,graveyard; mill; exhaust; payoff,DFT,57,Rare,51; 51a,"Deck 51: {1},{T} mills 2 -> SIX with The Water Crystal already in the deck; Exhaust mills their whole graveyard +4. Activated, so Fractured Realm does NOT double it. ~turn 11 clock alone, faster with Exhaust.",74,hand
Plow Through,Sorcery,"Choose one —
• Target creature you control fights target creature an opponent controls. (Each deals damage equal to its power to the other.)
• Destroy target Vehicle.",G,removal; fight; combat,DFT,174,Uncommon,50,,3.0,seed
Pride of the Road,Creature — Zombie Cat Warrior,"Vigilance
Start your engines! (If you have no speed, it starts at 1. It increases once on each of your turns when an opponent loses life. Max speed is 4.)
Max speed — At the beginning of combat on your turn, target creature or Vehicle you control gains double strike until end of turn.",W,Zombie; Cat; Warrior; max speed; speed; aggro; vigilance; combat; start your engines!,DFT,24,Uncommon,36,,2.5,hand
Reckless Velocitaur,Creature — Minotaur Pilot,"Whenever this creature saddles a Mount or crews a Vehicle during your main phase, that Mount or Vehicle gets +2/+0 and gains trample until end of turn.",R,Minotaur; Pilot; pump,DFT,144,Uncommon,48a,,2.0,seed
Mirror Room // Fractured Realm,Enchantment — Room // Enchantment — Room,"When you unlock this door, create a token that's a copy of target creature you control, except it's a Reflection in addition to its other creature types.
(You may cast either half. That door unlocks on the battlefield. As a sorcery, you may pay the mana cost of a locked door to unlock it.) // If a triggered ability of a permanent you control triggers, that ability triggers an additional time.
(You may cast either half. That door unlocks on the battlefield. As a sorcery, you may pay the mana cost of a locked door to unlock it.)",U,Room; tokens,DSK,67,Mythic,51,,8.0,hand
Overlord of the Balemurk,Enchantment Creature — Avatar Horror,"Impending 5—{1}{B} (If you cast this spell for its impending cost, it enters with five time counters and isn't a creature until the last is removed. At the beginning of your end step, remove a time counter from it.)
Whenever this permanent enters or attacks, mill four cards, then you may return a non-Avatar creature card or a planeswalker card from your graveyard to your hand.",B,Avatar; Horror; graveyard; mill; impending,DSK,113,Mythic,5; 11,"Impending {1}{B} graveyard value-bomb for Coming of Galactus (5): mills + recurs a creature — a real engine | Also deck 11 (Villainous, mono-B): the recurring, no-strings card-advantage + reanimation engine it lacks — mill 4 + recur a creature on enter AND attack.",8.0,hand
Central Elevator // Promising Stairs,Enchantment — Room // Enchantment — Room,"When you unlock this door, search your library for a Room card that doesn't have the same name as a Room you control, reveal it, put it into your hand, then shuffle.
(You may cast either half. That door unlocks on the battlefield. As a sorcery, you may pay the mana cost of a locked door to unlock it.) // At the beginning of your upkeep, surveil 1. You win the game if there are eight or more different names among unlocked doors of Rooms you control.
(You may cast either half. That door unlocks on the battlefield. As a sorcery, you may pay the mana cost of a locked door to unlock it.)",U,Room; surveil; graveyard,DSK,44,Rare,51,,5.5,hand
Chainsaw,Artifact — Equipment,"When this Equipment enters, it deals 3 damage to up to one target creature.
Whenever one or more creatures die, put a rev counter on this Equipment.
Equipped creature gets +X/+0, where X is the number of rev counters on this Equipment.
Equip {3}",R,Equipment; counters; burn; etb; equipment; pump; equip,DSK,128,Rare,26,"On-theme R removal for Iron Forge (26): ETB deal 3, grows with deaths — the interaction upgrade over War Machine",6.0,hand
Enduring Vitality,Enchantment Creature — Elk Glimmer,"Vigilance
Creatures you control have ""{T}: Add one mana of any color.""
When Enduring Vitality dies, if it was a creature, return it to the battlefield under its owner's control. It's an enchantment. (It's not a creature.)",G,Elk; Glimmer; mana; vigilance; combat,DSK,176,Rare,29,,6.5,hand
"Kona, Rescue Beastie",Legendary Creature — Beast Survivor,"Survival — At the beginning of your second main phase, if Kona is tapped, you may put a permanent card from your hand onto the battlefield.",G,Beast; Survivor; survival,DSK,187,Rare,50a,,6.5,hand
The Mindskinner,Legendary Enchantment Creature — Nightmare,"The Mindskinner can't be blocked.
If a source you control would deal damage to an opponent, prevent that damage and each opponent mills that many cards.",U,Nightmare; mill; graveyard,DSK,66,Rare,51a,"Deck 51a: converts every damage source you control into mill, +4 each with the Water Crystal. Pure upside HERE because the deck has no combat plan to lose - it would be a trap in parent 51, which wins with Krang and the Terrors.",72,hand
Twitching Doll,Artifact Creature — Spider Toy,"{T}: Add one mana of any color. Put a nest counter on this creature.
{T}, Sacrifice this creature: Create a 2/2 green Spider creature token with reach for each counter on this creature. Activate only as a sorcery.",G,Spider; Toy; counters; sacrifice; tokens; mana,DSK,201,Rare,50,,3.0,seed
Conductive Machete,Artifact — Equipment,"When this Equipment enters, manifest dread, then attach this Equipment to that creature. (Look at the top two cards of your library. Put one onto the battlefield face down as a 2/2 creature and the other into your graveyard. Turn it face up any time for its mana cost if it's a creature card.)
Equipped creature gets +2/+1.
Equip {4}",Colorless,Equipment; reanimator; graveyard; etb; equipment; pump; selection; manifest; tokens; manifest dread; equip,DSK,244,Uncommon,38,,4.5,hand
Coordinated Clobbering,Sorcery,Tap one or two target untapped creatures you control. They each deal damage equal to their power to target creature an opponent controls.,G,,DSK,173,Uncommon,50,,2.0,seed
Get Out,Instant,"Choose one —
• Counter target creature or enchantment spell.
• Return one or two target creatures and/or enchantments you own to your hand.",U,counterspell,DSK,60,Uncommon,51,,3.0,seed
Keys to the House,Artifact,"{1}, {T}, Sacrifice this artifact: Search your library for a basic land card, reveal it, put it into your hand, then shuffle.
{3}, {T}, Sacrifice this artifact: Lock or unlock a door of target Room you control. Activate only as a sorcery.",Colorless,sacrifice; ramp,DSK,251,Uncommon,51,"Deck 51: the case is Fractured Realm specifically - its {5}{U}{U} door for {1} cast + {3} activate = 4 total, split across turns. Saves 0-1 on the other four Rooms. Also a 'fully unlock' trigger for Eerie.",52,hand
Overgrown Zealot,Creature — Elf Druid,"{T}: Add one mana of any color.
{T}: Add two mana of any one color. Spend this mana only to turn permanents face up.",G,Elf; Druid; mana,DSK,193,Uncommon,50,,6.0,hand
Scrabbling Skullcrab,Creature — Crab Skeleton,"Eerie — Whenever an enchantment you control enters and whenever you fully unlock a Room, target player mills two cards. (They put the top two cards of their library into their graveyard.)",U,Crab; Skeleton; graveyard; mill; eerie,DSK,71,Uncommon,51; 51a,"Deck 51: Eerie mills 2 on every enchantment entering and every Room fully unlocked -> 6 with Water Crystal, and Fractured Realm DOES double it (triggered ability) for 12. The on-theme mill card.",70,hand
Shroudstomper,Creature — Elemental,"Deathtouch
Whenever this creature enters or attacks, each opponent loses 2 life. You gain 2 life and draw a card.",W/B,Elemental; lifegain; card draw; deathtouch; combat; removal,DSK,233,Uncommon,20,,5.0,hand
Meat Locker // Drowned Diner,Enchantment — Room // Enchantment — Room,"When you unlock this door, tap up to one target creature and put two stun counters on it. (If a permanent with a stun counter would become untapped, remove one from it instead.)
(You may cast either half. That door unlocks on the battlefield. As a sorcery, you may pay the mana cost of a locked door to unlock it.) // When you unlock this door, draw three cards, then discard a card.
(You may cast either half. That door unlocks on the battlefield. As a sorcery, you may pay the mana cost of a locked door to unlock it.)",U,Room; counters; card draw,DSK,65,Common,51,,6.0,hand
Spineseeker Centipede,Creature — Insect,"When this creature enters, search your library for a basic land card, reveal it, put it into your hand, then shuffle.
Delirium — This creature gets +1/+2 and has vigilance as long as there are four or more card types among cards in your graveyard.",G,Insect; graveyard; ramp; etb; pump; delirium,DSK,199,Common,50,,1.5,seed
Twist Reality,Instant,"Choose one —
• Counter target spell.
• Manifest dread. (Look at the top two cards of your library. Put one onto the battlefield face down as a 2/2 creature and the other into your graveyard. Turn it face up any time for its mana cost if it's a creature card.)",U,counterspell; reanimator; graveyard; selection; manifest; tokens; manifest dread,DSK,77,Common,51,,2.0,seed
End-Blaze Epiphany,Instant,"End-Blaze Epiphany deals X damage to target creature. When that creature dies this turn, exile a number of cards from the top of your library equal to its power, then choose a card exiled this way. Until the end of your next turn, you may play that card.",R,burn,ECL,134,Rare,24,X-burn removal + impulse; Quintorius/exile payoff,6.0,hand
Kinscaer Sentry,Creature — Kithkin Soldier,"First strike, lifelink
Whenever this creature attacks, you may put a creature card with mana value X or less from your hand onto the battlefield tapped and attacking, where X is the number of attacking creatures you control.",W,Kithkin; Soldier; lifegain; lifelink; first strike; combat,ECL,22,Rare,23,2-drop first strike/lifelink that cheats a creature with MV <= attackers from hand into play attacking,6.0,hand
Spell Snare,Instant,Counter target spell with mana value 2.,U,counterspell,ECL,71,Uncommon,51,,3.0,seed
Famished Worldsire,Creature — Leviathan,"Ward {3}
Devour land 3 (As this creature enters, you may sacrifice any number of lands. It enters with three times that many +1/+1 counters on it.)
When this creature enters, look at the top X cards of your library, where X is this creature's power. Put any number of land cards from among them onto the battlefield tapped, then shuffle.",G,Leviathan; counters; sacrifice; etb; selection; ward; protection; devour; tokens,EOE,182,Mythic,50,,7.5,hand
Bioengineered Future,Enchantment,"When this enchantment enters, create a Lander token. (It's an artifact with ""{2}, {T}, Sacrifice this token: Search your library for a basic land card, put it onto the battlefield tapped, then shuffle."")
Each creature you control enters with an additional +1/+1 counter on it for each land that entered the battlefield under your control this turn.",G,counters; sacrifice; tokens; ramp; etb,EOE,172,Rare,19,,4.5,hand
Icetill Explorer,Creature — Insect Scout,"You may play an additional land on each of your turns.
You may play lands from your graveyard.
Landfall — Whenever a land you control enters, mill a card.",G,Insect; Scout; graveyard; mill; landfall; lands; ramp,EOE,192,Rare,50a,,7.0,hand
Mightform Harmonizer,Creature — Insect Druid,"Landfall — Whenever a land you control enters, double the power of target creature you control until end of turn.
Warp {2}{G} (You may cast this card from your hand for its warp cost. Exile this creature at the beginning of the next end step, then you may cast it from exile on a later turn.)",G,Insect; Druid; exile cast; landfall; warp; tempo; cost-reduction; double; lands; ramp,EOE,200,Rare,50a,,6.5,hand
Sledge-Class Seedship,Artifact — Spacecraft,"Station (Tap another creature you control: Put charge counters equal to its power on this Spacecraft. Station only as a sorcery. It's an artifact creature at 7+.)
7+ | Flying
Whenever this Spacecraft attacks, you may put a creature card from your hand onto the battlefield.",G,Spacecraft; station; counters; artifacts,EOE,208,Rare,50a,,5.5,seed
The Eternity Elevator,Legendary Artifact — Spacecraft,"{T}: Add {C}{C}{C}.
Station (Tap another creature you control: Put charge counters equal to its power on this Spacecraft. Station only as a sorcery.)
20+ | {T}: Add X mana of any one color, where X is the number of charge counters on The Eternity Elevator.",Colorless,Spacecraft; mana; station; counters; artifacts,EOE,241,Rare,51,,5.5,hand
Cerebral Download,Instant,"Surveil X, where X is the number of artifacts you control. Then draw three cards. (To surveil X, look at the top X cards of your library, then put any number of them into your graveyard and the rest on top of your library in any order.)",U,graveyard; card draw; selection; surveil,EOE,48,Uncommon,51,,3.5,seed
Dubious Delicacy,Artifact — Food,"Flash
When this artifact enters, up to one target creature gets -3/-3 until end of turn.
{2}, {T}, Sacrifice this artifact: You gain 3 life.
{2}, {T}, Sacrifice this artifact: Target opponent loses 3 life.",B,Food; lifegain; sacrifice; etb; removal; flash; tempo,EOE,96,Uncommon,21; 20,,4.5,hand
Harmonious Grovestrider,Creature — Beast,"Ward {2} (Whenever this creature becomes the target of a spell or ability an opponent controls, counter it unless that player pays {2}.)
Harmonious Grovestrider's power and toughness are each equal to the number of lands you control.",G,Beast; ward; protection,EOE,189,Uncommon,50a,,6.0,hand
Mechan Assembler,Artifact Creature — Robot Artificer,"Whenever another artifact you control enters, create a 2/2 colorless Robot artifact creature token. This ability triggers only once each turn.",U,Robot; Artificer; tokens,EOE,63,Uncommon,48,,4.0,seed
"Mm'menon, Uthros Exile",Legendary Creature — Jellyfish Advisor,"Flying
Whenever an artifact you control enters, put a +1/+1 counter on target creature.",U/R,Jellyfish; Advisor; counters; flying; evasion,EOE,221,Uncommon,48,Holds Adaptive Automaton's slot in 48 at Uncommon cost.,4.0,hand
Pull Through the Weft,Sorcery,"Return up to two target nonland permanent cards from your graveyard to your hand, then return up to two target land cards from your graveyard to the battlefield tapped.",G,graveyard,EOE,202,Uncommon,50a,,5.0,hand
Sunstar Expansionist,Creature — Human Knight,"When this creature enters, if an opponent controls more lands than you, create a Lander token. (It's an artifact with ""{2}, {T}, Sacrifice this token: Search your library for a basic land card, put it onto the battlefield tapped, then shuffle."")
Landfall — Whenever a land you control enters, this creature gets +1/+0 until end of turn.",W,Human; Knight; sacrifice; tokens; ramp; etb; landfall; pump; lands,EOE,41,Uncommon,36,,3.0,hand
"Ajani, Caller of the Pride",Legendary Planeswalker — Ajani,"+1: Put a +1/+1 counter on up to one target creature.
−3: Target creature gains flying and double strike until end of turn.
−8: Create X 2/2 white Cat creature tokens, where X is your life total.",W,Ajani; Planeswalker; counters; tokens; planeswalker,FDN,134,Mythic,36,,6.5,hand
Omniscience,Enchantment,You may cast spells from your hand without paying their mana costs.,U,,FDN,161,Mythic,51,,8.0,hand
"Ramos, Dragon Engine",Legendary Artifact Creature — Dragon,"Flying
Whenever you cast a spell, put a +1/+1 counter on Ramos for each of that spell's colors.
Remove five +1/+1 counters from Ramos: Add {W}{W}{U}{U}{B}{B}{R}{R}{G}{G}. Activate only once each turn.",W/U/B/R/G,Dragon; counters; flying; evasion,FDN,678,Mythic,17,5-color mana-engine/ramp payoff — the Spectrum rainbow home,5.5,hand
Rite of the Dragoncaller,Enchantment,"Whenever you cast an instant or sorcery spell, create a 5/5 red Dragon creature token with flying.",R,tokens; spellslinger,FDN,92,Mythic,2,,7.0,hand
Twinflame Tyrant,Creature — Dragon,"Flying
If a source you control would deal damage to an opponent or a permanent an opponent controls, it deals double that damage instead.",R,Dragon; flying; evasion; double,FDN,97,Mythic,14,,7.0,hand
Adaptive Automaton,Artifact Creature — Construct,"As this creature enters, choose a creature type.
This creature is the chosen type in addition to its other types.
Other creatures you control of the chosen type get +1/+1.",Colorless,Construct; pump,FDN,723,Rare,48,FLEX in 48: swap back for Mm'menon when a Rare wildcard is free. One of only 5 choose-a-type anthems in Standard; no cheaper substitute exists.,6.0,hand
Aggressive Mammoth,Creature — Elephant,"Trample (This creature can deal excess combat damage to the player or planeswalker it's attacking.)
Other creatures you control have trample.",G,Elephant; trample; evasion,FDN,551,Rare,50,,6.0,hand
"Arahbo, the First Fang",Legendary Creature — Cat Avatar,"Other Cats you control get +1/+1.
Whenever Arahbo or another nontoken Cat you control enters, create a 1/1 white Cat creature token.",W,Cat; Avatar; tokens; pump,FDN,2,Rare,36,,5.5,hand
Desecration Demon,Creature — Demon,"Flying
At the beginning of each combat, any opponent may sacrifice a creature of their choice. If a player does, tap this creature and put a +1/+1 counter on it.",B,Demon; counters; sacrifice; flying; evasion,FDN,603,Rare,general,efficient 6/6 flying B beater (opp-sac edict) — any black midrange,5.5,hand
"Drakuseth, Maw of Flames",Legendary Creature — Dragon,"Flying
Whenever Drakuseth attacks, it deals 4 damage to any target and 3 damage to each of up to two other targets.",R,Dragon; burn; flying; evasion,FDN,193,Rare,14,,7.0,hand
"Drakuseth, Maw of Flames",Legendary Creature — Dragon,"Flying
Whenever Drakuseth attacks, it deals 4 damage to any target and 3 damage to each of up to two other targets.",R,Dragon; burn; noncombat damage; flying; evasion,FDN,760,Rare,49,,7.5,hand
Felidar Retreat,Enchantment,"Landfall — Whenever a land you control enters, choose one —
• Create a 2/2 white Cat Beast creature token.
• Put a +1/+1 counter on each creature you control. Those creatures gain vigilance until end of turn.",W,counters; tokens; landfall; lands; ramp,FDN,574,Rare,36,,6.0,hand
Genesis Wave,Sorcery,Reveal the top X cards of your library. You may put any number of permanent cards with mana value X or less from among them onto the battlefield. Then put all cards revealed this way that weren't put onto the battlefield into your graveyard.,G,graveyard,FDN,165,Rare,40a,"FLEX (see 40a #~). 83% permanents here; each land it drops re-triggers landfall, so X=6 with 3 lands doubles Mossborn Hydra x8. GGG is castable off G-primary mana + Great Divide Guide.",7.5,hand
"Ghalta, Primal Hunger",Legendary Creature — Elder Dinosaur,"This spell costs {X} less to cast, where X is the total power of creatures you control.
Trample (This creature can deal excess combat damage to the player or planeswalker it's attacking.)",G,Elder; Dinosaur; trample; evasion,FDN,222,Rare,28,,6.5,hand
Gilded Lotus,Artifact,{T}: Add three mana of any one color.,Colorless,mana,FDN,725,Rare,51,,7.0,hand
Jazal Goldmane,Legendary Creature — Cat Warrior,"First strike (This creature deals combat damage before creatures without first strike.)
{3}{W}{W}: Attacking creatures you control get +X/+X until end of turn, where X is the number of attacking creatures.",W,Cat; Warrior; pump; first strike; combat,FDN,497,Rare,36,,4.5,hand
Leyline Axe,Artifact — Equipment,"If this card is in your opening hand, you may begin the game with it on the battlefield.
Equipped creature gets +1/+1 and has double strike and trample.
Equip {3} ({3}: Attach to target creature you control. Equip only as a sorcery.)",Colorless,Equipment; equipment; pump; equip,FDN,129,Rare,38a,"Double strike ON CLOUD is the 4x line: Cloud doubles triggers of gear attached to HIM, and he has no double strike natively, so each combat-damage equipment fires 4x (two damage steps, each doubled). May also START on the battlefield from the opening hand. Held out of the 60 only on the 17-equipment / 16-creature ratio; Fireshrieker is the owned-cost version already maindecked.",7.0,hand
Nullpriest of Oblivion,Creature — Vampire Cleric,"Kicker {3}{B} (You may pay an additional {3}{B} as you cast this spell.)
Lifelink
Menace (This creature can't be blocked except by two or more creatures.)
When this creature enters, if it was kicked, return target creature card from your graveyard to the battlefield.",B,Vampire; Cleric; reanimator; graveyard; lifegain; etb; lifelink; menace; evasion; kicker; value,FDN,611,Rare,11,,6.0,hand
Regal Caracal,Creature — Cat,"Other Cats you control get +1/+1 and have lifelink. (Damage dealt by those creatures also causes you to gain that much life.)
When this creature enters, create two 1/1 white Cat creature tokens with lifelink.",W,Cat; lifegain; tokens; etb; pump,FDN,579,Rare,36,,5.0,hand
Rite of Replication,Sorcery,"Kicker {5} (You may pay an additional {5} as you cast this spell.)
Create a token that's a copy of target creature. If this spell was kicked, create five of those tokens instead.",U,tokens; kicker; value,FDN,711,Rare,25,Copy engine for Spellstorm (25): clone your best creature (kicker = 5 copies) — payoff redundancy,6.5,hand
Claws Out,Instant,"Affinity for Cats (This spell costs {1} less to cast for each Cat you control.)
Creatures you control get +2/+2 until end of turn.",W,pump; affinity; artifacts; cost-reduction,FDN,6,Uncommon,36,,4.0,hand
Dragonlord's Servant,Creature — Goblin Shaman,Dragon spells you cast cost {1} less to cast.,R,Goblin; Shaman; cost-reduction,FDN,536,Uncommon,49,,7.0,hand
Firespitter Whelp,Creature — Dragon,"Flying
Whenever you cast a noncreature or Dragon spell, this creature deals 1 damage to each opponent.",R,Dragon; burn; noncombat damage; flying; evasion,FDN,761,Uncommon,49,,5.0,hand
Good-Fortune Unicorn,Creature — Unicorn,"Whenever another creature you control enters, put a +1/+1 counter on that creature.",W/G,Unicorn; counters,FDN,240,Uncommon,36a,,5.0,hand
Hoarding Dragon,Creature — Dragon,"Flying
When this creature enters, you may search your library for an artifact card, exile it, then shuffle.
When this creature dies, you may put the exiled card into its owner's hand.",R,Dragon; etb; flying; evasion,FDN,626,Uncommon,49,,5.0,hand
Ingenious Leonin,Creature — Cat Soldier,"{3}{W}: Put a +1/+1 counter on another target attacking creature you control. If that creature is a Cat, it gains first strike until end of turn. (It deals combat damage before creatures without first strike.)",W,Cat; Soldier; counters,FDN,495,Uncommon,36,,2.0,hand
Rogue's Passage,Land,"{T}: Add {C}.
{4}, {T}: Target creature can't be blocked this turn.",Colorless,mana,FDN,264,Uncommon,50,"2nd evasion route in 50: {4},{T} unblockable is the fix for Jumbo Cactuar / Colossification that does NOT need a trample grant in hand. Measured free against a Forest.",6.0,hand
Lightshell Duo,Creature — Rat Otter,"Prowess (Whenever you cast a noncreature spell, this creature gets +1/+1 until end of turn.)
When this creature enters, surveil 2. (Look at the top two cards of your library, then put any number of them into your graveyard and the rest on top of your library in any order.)",U,Rat; Otter; graveyard; etb; pump; selection; surveil; prowess; spellslinger; tempo,FDN,157,Common,37,,3.0,hand
Rapacious Dragon,Creature — Dragon,"Flying
When this creature enters, create two Treasure tokens. (They're artifacts with ""{T}, Sacrifice this token: Add one mana of any color."")",R,Dragon; sacrifice; tokens; etb; treasure; flying; evasion,FDN,544,Common,49,,5.5,hand
Tolarian Terror,Creature — Serpent,"This spell costs {1} less to cast for each instant and sorcery card in your graveyard.
Ward {2} (Whenever this creature becomes the target of a spell or ability an opponent controls, counter it unless that player pays {2}.)",U,Serpent; graveyard; cost-reduction; ward; protection,FDN,167,Common,51,,7.0,hand
"Cecil, Dark Knight // Cecil, Redeemed Paladin",Legendary Creature — Human Knight // Legendary Creature — Human Knight,"Deathtouch
Darkness — Whenever Cecil deals damage, you lose that much life. Then if your life total is less than or equal to half your starting life total, untap Cecil and transform it. // Lifelink
Protect — Whenever Cecil attacks, other attacking creatures gain indestructible until end of turn.",W/B,Human; Knight; lifegain; pay life; lifelink; transform; deathtouch; combat; removal,FIN,90,Rare,42,"1-mana deathtouch; deck 42 pays life 8 ways so the <=10 life transform is reachable, unlike 42a. Back face is lifelink + indestructible for other attackers",7.0,hand
Esper Origins // Summon: Esper Maduin,Sorcery // Enchantment Creature — Saga Elemental,"Surveil 2. You gain 2 life. If this spell was cast from a graveyard, exile it, then put it onto the battlefield transformed under its owner's control with a finality counter on it. (If a creature with a finality counter on it would die, exile it instead.)
Flashback {3}{G} (You may cast this card from your graveyard for its flashback cost. Then exile it.) // (As this Saga enters and after your draw step, add a lore counter. Sacrifice after III.)
I — Reveal the top card of your library. If it's a permanent card, put it into your hand.
II — Add {G}{G}.
III — Other creatures you control get +2/+2 and gain trample until end of turn.",G,Saga; Elemental; counters; reanimator; graveyard; lifegain; sacrifice; saga; pump; surveil; transform; flashback; recursion; spellslinger,FIN,185,Rare,13,"Flex / second wave for 13: surveil 2 bins lands for Sandman/Lumra/Mole Man, flashback gives two casts, Saga side is conditional card advantage -> {G}{G} -> team pump. VALUE, not interaction, and 6 mana across two casts — deck 13's Rare goes to The Earth Crystal first.",6,hand
Jumbo Cactuar,Creature — Plant,"10,000 Needles — Whenever this creature attacks, it gets +9999/+0 until end of turn.",G,Plant; pump,FIN,191,Rare,50,,6.5,hand
Machinist's Arsenal,Artifact — Equipment,"Job select (When this Equipment enters, create a 1/1 colorless Hero creature token, then attach this to it.)
Equipped creature gets +2/+2 for each artifact you control and is an Artificer in addition to its other types.
Machina — Equip {4} ({4}: Attach to target creature you control. Equip only as a sorcery.)",W,Equipment; tokens; etb; equipment; pump; machina; job select; equip,FIN,23,Rare,21a,"artifact payoff — +2/+2 per artifact, Job-select token; fits the big-artifact goodstuff shell",5.0,hand
Ninja's Blades,Artifact — Equipment,"Job select
Equipped creature gets +1/+1, is a Ninja in addition to its other types, and has ""Whenever this creature deals combat damage to a player, draw a card, then discard a card. That player loses life equal to the discarded card's mana value.""
Mutsunokami — Equip {2}",B,Equipment; card draw; equipment; pump; job select; equip; mutsunokami,FIN,108,Rare,38,,6.0,hand
Summon: Titan,Enchantment Creature — Saga Giant,"(As this Saga enters and after your draw step, add a lore counter. Sacrifice after III.)
I — Mill five cards.
II — Return all land cards from your graveyard to the battlefield tapped.
III — Until end of turn, another target creature you control gains trample and gets +X/+X, where X is the number of lands you control.
Reach, trample",G,Saga; Giant; reanimator; graveyard; mill; sacrifice; saga; pump; reach; defense; trample; evasion,FIN,204,Rare,29,,5.5,hand
Summoner's Grimoire,Artifact — Book Equipment,"Job select
Equipped creature is a Shaman in addition to its other types and has ""Whenever this creature attacks, you may put a creature card from your hand onto the battlefield. If that card is an enchantment card, it enters tapped and attacking.""
Abraxas — Equip {3}",G,Book; Equipment; equipment; job select; equip,FIN,205,Rare,50,,5.5,seed
The Water Crystal,Legendary Artifact,"Blue spells you cast cost {1} less to cast.
If an opponent would mill one or more cards, they mill that many cards plus four instead.
{4}{U}{U}, {T}: Each opponent mills cards equal to the number of cards in your hand.",U,mill; cost-reduction; graveyard,FIN,85,Rare,51,,5.5,seed
Tifa Lockhart,Legendary Creature — Human Monk,"Trample
Landfall — Whenever a land you control enters, double Tifa Lockhart's power until end of turn.",G,Human; Monk; landfall; trample; evasion; double; lands; ramp,FIN,206,Rare,50a,,6.5,hand
"Zanarkand, Ancient Metropolis // Lasting Fayth",Land — Town // Sorcery — Adventure,"This land enters tapped.
{T}: Add {G}. // Create a 1/1 colorless Hero creature token. Put a +1/+1 counter on it for each land you control. (Then exile this card. You may play the land later from exile.)",G,Town; Adventure; counters; exile cast; tokens; mana,FIN,293,Rare,50a,,4.0,seed
Dark Knight's Greatsword,Artifact — Equipment,"Job select (When this Equipment enters, create a 1/1 colorless Hero creature token, then attach this to it.)
Equipped creature gets +3/+0 and is a Knight in addition to its other types.
Chaosbringer — Equip—Pay 3 life. Activate only once each turn.",B,Equipment; tokens; etb; equipment; pump; chaosbringer; job select; equip,FIN,95,Uncommon,38,,4.0,hand
Lion Heart,Artifact — Equipment,"When this Equipment enters, it deals 2 damage to any target.
Equipped creature gets +2/+1.
Equip {2}",Colorless,Equipment; burn; etb; equipment; pump; equip,FIN,261,Uncommon,38,,4.5,hand
"Ragnarok, Divine Deliverance",Legendary Creature — Beast Avatar,"Vigilance, menace, trample, reach, haste
When Ragnarok dies, destroy target permanent and return target nonlegendary permanent card from your graveyard to the battlefield.",B/G,Beast; Avatar; graveyard; removal; reach; defense; vigilance; combat; haste; aggro; trample; evasion; menace,FIN,99b,Uncommon,31,,6.0,hand
Summon: Fenrir,Enchantment Creature — Saga Wolf,"(As this Saga enters and after your draw step, add a lore counter. Sacrifice after III.)
I — Crescent Fang — Search your library for a basic land card, put it onto the battlefield tapped, then shuffle.
II — Heavenward Howl — When you next cast a creature spell this turn, that creature enters with an additional +1/+1 counter on it.
III — Ecliptic Growl — Draw a card if you control the creature with the greatest power or tied for the greatest power.",G,Saga; Wolf; counters; card draw; sacrifice; ramp; etb; saga,FIN,203,Uncommon,29,,5.5,hand
Balamb T-Rexaur,Creature — Dinosaur,"Trample
When this creature enters, you gain 3 life.
Forestcycling {2} ({2}, Discard this card: Search your library for a Forest card, reveal it, put it into your hand, then shuffle.)",G,Dinosaur; lifegain; etb; landcycling; card draw; lands; trample; evasion; forestcycling; typecycling; cycling,FIN,173,Common,28,,2.0,hand
Bonehoard Dracosaur,Creature — Dinosaur Dragon,"Flying, first strike
At the beginning of your upkeep, exile the top two cards of your library. You may play them this turn. If you exiled a land card this way, create a 3/1 red Dinosaur creature token. If you exiled a nonland card this way, create a Treasure token.",R,Dinosaur; Dragon; tokens; treasure; impulse; flying; evasion; first strike; combat,LCI,134,Mythic,49,,7.5,hand
"Ojer Kaslem, Deepest Growth // Temple of Cultivation",Legendary Creature — God // Land,"Trample
Whenever Ojer Kaslem deals combat damage to a player, reveal that many cards from the top of your library. You may put a creature card and/or a land card from among them onto the battlefield. Put the rest on the bottom in a random order.
When Ojer Kaslem dies, return it to the battlefield tapped and transformed under its owner's control. // (Transforms from Ojer Kaslem, Deepest Growth.)
{T}: Add {G}.
{2}{G}, {T}: Transform this land. Activate only if you control ten or more permanents and only as a sorcery.",G,God; card advantage; mana; transform; trample; evasion,LCI,204,Mythic,50a,,7.0,hand
The Skullspore Nexus,Legendary Artifact,"This spell costs {X} less to cast, where X is the greatest power among creatures you control.
Whenever one or more nontoken creatures you control die, create a green Fungus Dinosaur creature token with base power and toughness each equal to the total power of those creatures.
{2}, {T}: Double target creature's power until end of turn.",G,cost-reduction; tokens; double,LCI,212,Mythic,50a,,7.0,hand
"Matzalantli, the Great Door // The Core",Legendary Artifact // Legendary Land,"{T}: Draw a card, then discard a card.
{4}, {T}: Transform Matzalantli. Activate only if there are four or more permanent types among cards in your graveyard. (Artifact, battle, creature, enchantment, land, and planeswalker are permanent types.) // (Transforms from Matzalantli.)
Fathomless descent — {T}: Add X mana of any one color, where X is the number of permanent cards in your graveyard.",Colorless,graveyard; card draw; mana; transform; fathomless descent,LCI,256,Rare,51,,3.5,seed
"Captain Storm, Cosmium Raider",Legendary Creature — Human Pirate,"Whenever an artifact you control enters, put a +1/+1 counter on target Pirate you control.",U/R,Human; Pirate; counters,LCI,227,Uncommon,26b,,4.5,seed
Ixalli's Lorekeeper,Creature — Human Druid,{T}: Add one mana of any color. Spend this mana only to cast a Dinosaur spell or activate an ability of a Dinosaur source.,G,Human; Druid; mana,LCI,194,Uncommon,50,,2.0,seed
Poison Dart Frog,Creature — Frog,"Reach
{T}: Add one mana of any color.
{2}: This creature gains deathtouch until end of turn.",G,Frog; mana; reach; defense,LCI,207,Common,50,,1.0,seed
Druid of the Cowl,Creature — Elf Druid,{T}: Add {G}.,G,Elf; Druid; mana,M19,177,Common,50,,1.5,seed
Llanowar Elves,Creature — Elf Druid,{T}: Add {G}.,G,Elf; Druid; mana,M19,314,Common,50,,1.5,seed
Garruk's Uprising,Enchantment,"When this enchantment enters, if you control a creature with power 4 or greater, draw a card.
Creatures you control have trample. (Each of those creatures can deal excess combat damage to the player or planeswalker it's attacking.)
Whenever a creature you control with power 4 or greater enters, draw a card.",G,card draw; etb,M21,186,Uncommon,50,,5.5,seed
Ill-Timed Explosion,Sorcery,"Draw two cards. Then you may discard two cards. When you do, Ill-Timed Explosion deals X damage to each creature, where X is the greatest mana value among cards discarded this way.",U/R,card draw; burn,MKM,207,Rare,25,draw two + scalable board sweep/burn,7.0,hand
"Izoni, Center of the Web",Legendary Creature — Elf Detective,"Menace
Whenever Izoni enters or attacks, you may collect evidence 4. If you do, create two 2/1 black and green Spider creature tokens with menace and reach.
Sacrifice four tokens: Surveil 2, then draw two cards. You gain 2 life.",B/G,Elf; Detective; lifegain; card draw; sacrifice; tokens; collect evidence; graveyard; surveil; menace; evasion,MKM,209,Rare,31,"Card-advantage engine for deck 31 (Golgari Elf/poison) — Elf Detective, collect evidence -> Spider tokens, sac 4 tokens: surveil 2, draw 2, gain 2. Fills the deck-31 card-advantage gap (was 1) + on-theme tokens/graveyard/sac.",6.5,hand
"Krenko, Baron of Tin Street",Legendary Creature — Goblin,"Haste
{T}, Sacrifice an artifact: Put a +1/+1 counter on each Goblin you control.
Whenever an artifact is put into a graveyard from the battlefield, you may pay {R}. If you do, create a 1/1 red Goblin creature token. It gains haste until end of turn.",R,Goblin; counters; reanimator; graveyard; sacrifice; tokens; haste; aggro,MKM,135,Rare,10,Goblin/artifact-aristocrats engine (sac artifact -> pump; artifact death -> Goblin) — fits Mad Villainy BR artifacts,6.0,hand
Lush Portico,Land — Forest Plains,"({T}: Add {G} or {W}.)
This land enters tapped.
When this land enters, surveil 1. (Look at the top card of your library. You may put it into your graveyard.)",W/G,Forest; Plains; graveyard; mana; etb; selection; surveil,MKM,263,Rare,21; 6,Manabase upgrade: de-tapland Gastromancer (21) B->A; reusable across WB/BG/GW decks | Also Abzan reanimator deck 6 (Dead or Alive) — same WBG fixing; fungible craft.,5.5,hand
Shadowy Backstreet,Land — Plains Swamp,"({T}: Add {W} or {B}.)
This land enters tapped.
When this land enters, surveil 1. (Look at the top card of your library. You may put it into your graveyard.)",W/B,Plains; Swamp; graveyard; mana; etb; selection; surveil,MKM,268,Rare,21; 6,Manabase upgrade: de-tapland Gastromancer (21) B->A; reusable across WB/BG/GW decks. Also de-taplands + firms black in deck 20 (Honor Among Thieves) — fungible. | Also Abzan reanimator deck 6 (Dead or Alive) — same WBG fixing; fungible craft.,5.5,hand
Sharp-Eyed Rookie,Creature — Human Detective,"Vigilance
Whenever a creature you control enters, if its power is greater than this creature's power or its toughness is greater than this creature's toughness, put a +1/+1 counter on this creature and investigate. (Create a Clue token. It's an artifact with ""{2}, Sacrifice this token: Draw a card."")",G,Human; Detective; counters; card draw; sacrifice; tokens; clue; investigate; vigilance; combat,MKM,176,Rare,13,grows + investigates when a bigger creature enters — its own flex-noted home (counters/value). Also a ★ card-advantage engine for deck 9 (Gruul counters/smash) — every bigger creature entering = counter + Clue.,5.0,hand
Underground Mortuary,Land — Swamp Forest,"({T}: Add {B} or {G}.)
This land enters tapped.
When this land enters, surveil 1. (Look at the top card of your library. You may put it into your graveyard.)",B/G,Swamp; Forest; graveyard; mana; etb; selection; surveil,MKM,271,Rare,21; 6,Manabase upgrade: de-tapland Gastromancer (21) B->A; reusable across WB/BG/GW decks. Also firms deck 8's thin green (Killmonger/Ygra) — fungible. | Also Abzan reanimator deck 6 (Dead or Alive) — same WBG fixing; fungible craft.,5.5,hand
Aftermath Analyst,Creature — Elf Detective,"When this creature enters, mill three cards. (Put the top three cards of your library into your graveyard.)
{3}{G}, Sacrifice this creature: Return all land cards from your graveyard to the battlefield tapped.",G,Elf; Detective; reanimator; graveyard; mill; sacrifice; etb,MKM,148,Uncommon,50a,,7.5,hand
Case of the Filched Falcon,Enchantment — Case,"When this Case enters, investigate. (Create a Clue token. It's an artifact with ""{2}, Sacrifice this token: Draw a card."")
To solve — You control three or more artifacts. (If unsolved, solve at the beginning of your end step.)
Solved — {2}{U}, Sacrifice this Case: Put four +1/+1 counters on target noncreature artifact. It becomes a 0/0 Bird creature with flying in addition to its other types.",U,Case; counters; card draw; sacrifice; tokens; etb; clue; investigate; solved,MKM,44,Uncommon,26,,3.5,hand
Gleaming Geardrake,Artifact Creature — Drake,"Flying
When this creature enters, investigate. (Create a Clue token. It's an artifact with ""{2}, Sacrifice this token: Draw a card."")
Whenever you sacrifice an artifact, put a +1/+1 counter on this creature.",U/R,Drake; counters; card draw; sacrifice; tokens; etb; clue; flying; evasion; investigate,MKM,205,Uncommon,35,,5.0,hand
Hard-Hitting Question,Sorcery,Target creature you control deals damage equal to its power to target creature or planeswalker you don't control.,G,removal,MKM,164,Uncommon,50,,3.0,seed
Magnetic Snuffler,Artifact Creature — Construct,"When this creature enters, return target Equipment card from your graveyard to the battlefield attached to this creature.
Whenever you sacrifice an artifact, put a +1/+1 counter on this creature.",Colorless,Construct; counters; reanimator; graveyard; sacrifice; etb,MKM,254,Uncommon,38,,4.0,hand
Soul Enervation,Enchantment,"Flash
When this enchantment enters, target creature gets -4/-4 until end of turn.
Whenever one or more creature cards leave your graveyard, each opponent loses 1 life and you gain 1 life.",B,graveyard; lifegain; etb; removal; flash; tempo,MKM,106,Uncommon,37,,5.5,hand
Cold Case Cracker,Creature — Spirit Detective,"Flying
When this creature dies, investigate. (Create a Clue token. It's an artifact with ""{2}, Sacrifice this token: Draw a card."")",U,Spirit; Detective; card draw; sacrifice; tokens; clue; flying; evasion; investigate,MKM,46,Common,26,,2.5,hand
Loxodon Eavesdropper,Creature — Elephant Detective,"When this creature enters, investigate. (Create a Clue token. It's an artifact with ""{2}, Sacrifice this token: Draw a card."")
Whenever you draw your second card each turn, this creature gets +1/+1 and gains vigilance until end of turn.",G,Elephant; Detective; card draw; sacrifice; tokens; etb; clue; pump; investigate,MKM,168,Common,34,,2.5,hand
Novice Inspector,Creature — Human Detective,"When this creature enters, investigate. (Create a Clue token. It's an artifact with ""{2}, Sacrifice this token: Draw a card."")",W,Human; Detective; card draw; sacrifice; tokens; etb; clue; investigate,MKM,29,Common,36a,,3.5,hand
Spider-UK,Legendary Creature — Spider Human Hero,"Web-slinging {2}{W} (You may cast this spell for {2}{W} if you also return a tapped creature you control to its owner's hand.)
At the beginning of your end step, if two or more creatures entered the battlefield under your control this turn, you draw a card and gain 2 life.",W,Spider; Human; Hero; lifegain; card draw; bounce; web-slinging; evasion; tempo,MSC,777,Uncommon,23,,3.5,hand
Kang the Conqueror,Legendary Creature — Human Villain,"Flying
Power-up — {5}{U}{U}{U}: Put a +1/+1 counter on Kang. Take an extra turn after this one. During that turn, power-up abilities can't be activated. (Activate each power-up ability only once. Reduce the cost by his mana cost if he entered this turn.)",U,Human; Villain; counters; flying; evasion; power-up; payoff,MSH,62,Mythic,12,blue control finisher — evasive body + extra-turn power-up; UUU castable in Dimir,6.5,hand
Archangel of Tithes,Creature — Angel,"Flying
As long as this creature is untapped, creatures can't attack you or planeswalkers you control unless their controller pays {1} for each of those creatures.
As long as this creature is attacking, creatures can't block unless their controller pays {1} for each of those creatures.",W,Angel; flying; evasion,OTJ,2,Mythic,3,"Go-wide tax (protects you + pushes a wide board through); also fits deck 23 — one copy serves both. Mythic craft, OTJ rotation-soon.",6.5,hand
Goldvein Hydra,Creature — Hydra,"Vigilance, trample, haste
This creature enters with X +1/+1 counters on it.
When this creature dies, create a number of tapped Treasure tokens equal to its power.",G,Hydra; counters; tokens; treasure; vigilance; combat; haste; aggro; trample; evasion,OTJ,167,Mythic,50,,4.5,seed
Terror of the Peaks,Creature — Dragon,"Flying
Spells your opponents cast that target this creature cost an additional 3 life to cast.
Whenever another creature you control enters, this creature deals damage equal to that creature's power to any target.",R,Dragon; flying; evasion,OTJ,149,Mythic,49,,8.0,hand
Blooming Marsh,Land,"This land enters tapped unless you control two or fewer other lands.
{T}: Add {B} or {G}.",B/G,mana,OTJ,266,Rare,21; 6,Manabase upgrade: de-tapland Gastromancer (21) B->A; reusable across WB/BG/GW decks. Also firms deck 8's thin green (Killmonger/Ygra) — fungible. | Also Abzan reanimator deck 6 (Dead or Alive) — same WBG fixing; fungible craft.,6.5,hand
Concealed Courtyard,Land,"This land enters tapped unless you control two or fewer other lands.
{T}: Add {W} or {B}.",W/B,mana,OTJ,268,Rare,21; 6,Manabase upgrade: de-tapland Gastromancer (21) B->A; reusable across WB/BG/GW decks. Also de-taplands + firms black in deck 20 (Honor Among Thieves) — fungible. | Also Abzan reanimator deck 6 (Dead or Alive) — same WBG fixing; fungible craft.,6.5,hand
"Lilah, Undefeated Slickshot",Legendary Creature — Human Rogue,"Prowess (Whenever you cast a noncreature spell, this creature gets +1/+1 until end of turn.)
Whenever you cast a multicolored instant or sorcery spell from your hand, exile that spell instead of putting it into your graveyard as it resolves. If you do, it becomes plotted. (You may cast it as a sorcery on a later turn without paying its mana cost.)",U/R,Human; Rogue; graveyard; pump; plot; tempo; cost-reduction; prowess; spellslinger,OTJ,217,Rare,25,prowess 3-drop that impulses off your spells,6.5,hand
"Malcolm, the Eyes",Legendary Creature — Siren Pirate,"Flying, haste
Whenever you cast your second spell each turn, investigate. (Create a Clue token. It's an artifact with ""{2}, Sacrifice this token: Draw a card."")",U/R,Siren; Pirate; card draw; sacrifice; tokens; clue; flying; evasion; investigate; haste; aggro,OTJ,219,Rare,25,2-drop: second spell -> investigate,5.5,hand
Stingerback Terror,Creature — Scorpion Dragon,"Flying, trample
This creature gets -1/-1 for each card in your hand.
Plot {2}{R} (You may pay {2}{R} and exile this card from your hand. Cast it as a sorcery on a later turn without paying its mana cost. Plot only as a sorcery.)",R,Scorpion; Dragon; exile cast; removal; flying; evasion; plot; tempo; cost-reduction; trample,OTJ,147,Rare,49,,5.0,hand
Aloe Alchemist,Creature — Plant Warlock,"Trample
When this card becomes plotted, target creature gets +3/+2 and gains trample until end of turn.
Plot {1}{G} (You may pay {1}{G} and exile this card from your hand. Cast it as a sorcery on a later turn without paying its mana cost. Plot only as a sorcery.)",G,Plant; Warlock; exile cast; pump; plot; tempo; cost-reduction; trample; evasion,OTJ,152,Uncommon,50,,4.0,seed
Deepmuck Desperado,Creature — Homarid Mercenary,"Whenever you commit a crime, each opponent mills three cards. This ability triggers only once each turn. (Targeting opponents, anything they control, and/or cards in their graveyards is a crime.)",U,Homarid; Mercenary; graveyard; mill,OTJ,42,Uncommon,51a,"Deck 51a: mills 3 (7 with Crystal) whenever you commit a crime, once a turn - and nearly every counterspell and bounce spell in the deck is a crime.",58,hand
Intrepid Stablemaster,Creature — Human Scout,"Reach
{T}: Add {G}.
{T}: Add two mana of any one color. Spend this mana only to cast Mount or Vehicle spells.",G,Human; Scout; mana; reach; defense,OTJ,169,Uncommon,50,,5.5,hand
Lassoed by the Law,Enchantment,"When this enchantment enters, exile target nonland permanent an opponent controls until this enchantment leaves the battlefield.
When this enchantment enters, create a 1/1 red Mercenary creature token with ""{T}: Target creature you control gets +1/+0 until end of turn. Activate only as a sorcery.""",W,tokens; removal; etb; pump,OTJ,18,Uncommon,3; 36a,,5.5,hand
Outcaster Greenblade,Creature — Human Mercenary,"When this creature enters, search your library for a basic land card or a Desert card, reveal it, put it into your hand, then shuffle.
This creature gets +1/+1 for each Desert you control.",G,Human; Mercenary; ramp; etb; pump,OTJ,172,Uncommon,50,,2.5,seed
Rise of the Varmints,Sorcery,"Create X 2/1 green Varmint creature tokens, where X is the number of creature cards in your graveyard.
Plot {2}{G} (You may pay {2}{G} and exile this card from your hand. Cast it as a sorcery on a later turn without paying its mana cost. Plot only as a sorcery.)",G,graveyard; exile cast; tokens; plot; tempo; cost-reduction,OTJ,179,Uncommon,50,,3.5,seed
Thunder Lasso,Artifact — Equipment,"When this Equipment enters, attach it to target creature you control.
Equipped creature gets +1/+1.
Whenever equipped creature attacks, tap target creature defending player controls.
Equip {2}",W,Equipment; etb; equipment; pump; equip,OTJ,35,Uncommon,38,,2.5,hand
Rooftop Assassin,Creature — Vampire Assassin,"Flash
Flying, lifelink
When this creature enters, destroy target creature an opponent controls that was dealt damage this turn.",B,Vampire; Assassin; lifegain; removal; etb; flying; evasion; lifelink; flash; tempo,OTJ,103,Common,20,,3.5,hand
"Aziza, Mage Tower Captain",Legendary Creature — Djinn Sorcerer,"Whenever you cast an instant or sorcery spell, you may tap three untapped creatures you control. If you do, copy that spell. You may choose new targets for the copy.",W/R,Djinn; Sorcerer; spellslinger,SOS,174,Rare,concept,RW spells/magecraft (Strixhaven-style),6.5,hand
Comforting Counsel,Enchantment,"Whenever you gain life, put a growth counter on this enchantment.
As long as there are five or more growth counters on this enchantment, creatures you control get +3/+3.",G,counters; pump,SOS,143,Rare,7,"broadly useful — best 7 (Earth's Mightiest); also 9,19b,19a",4.0,hand
Deathcap Glade,Land,"This land enters tapped unless you control two or more other lands.
{T}: Add {B} or {G}.",B/G,mana,SOS,253,Rare,20b,"broadly useful — best 20b (Honor Among Thieves — Abzan Toughness Ramp); also 13,21,21a",5.0,hand
Exhibition Tidecaller,Creature — Djinn Wizard,"Opus — Whenever you cast an instant or sorcery spell, target player mills three cards. If five or more mana was spent to cast that spell, that player mills ten cards instead.",U,Djinn; Wizard; mill; spellslinger; graveyard; opus,SOS,48,Rare,51a,"Deck 51a: Opus mills 3 per instant/sorcery -> SEVEN with The Water Crystal, and 10 -> FOURTEEN when 5+ mana was spent. A {U} one-drop; the deck's best mill rate per mana.",80,hand
Magmablood Archaic,Creature — Avatar,"Trample, reach
Converge — This creature enters with a +1/+1 counter on it for each color of mana spent to cast it.
Whenever you cast an instant or sorcery spell, creatures you control get +1/+0 until end of turn for each color of mana spent to cast that spell.",R,Avatar; counters; pump; spellslinger; reach; defense; converge; multicolor; trample; evasion,SOS,123,Rare,25,Repeatable spellslinger payoff for Spellstorm (25) — the flex block's craft target,5.0,hand
Moment of Reckoning,Sorcery,"Choose up to four. You may choose the same mode more than once.
• Destroy target nonland permanent.
• Return target nonland permanent card from your graveyard to the battlefield.",W/B,graveyard; removal,SOS,205,Rare,6,"best 6 (Dead or Alive); also 20b,20a,20",6.5,hand
"Moseo, Vein's New Dean",Legendary Creature — Bird Skeleton Warlock,"Flying
When Moseo enters, create a 1/1 black and green Pest creature token with ""Whenever this token attacks, you gain 1 life.""
Infusion — At the beginning of your end step, if you gained life this turn, return up to one target creature card with mana value X or less from your graveyard to the battlefield, where X is the amount of life you gained this turn.",B,Bird; Skeleton; Warlock; reanimator; graveyard; lifegain; tokens; etb; infusion; flying; evasion,SOS,91,Rare,6,Infusion: gain life -> reanimate a creature + a lifegain Pest — core Dead or Alive engine,5.0,hand
"Nita, Forum Conciliator",Legendary Creature — Human Advisor,"Whenever you cast a spell you don't own, put a +1/+1 counter on each creature you control.
{2}, Sacrifice another creature: Exile target instant or sorcery card from an opponent's graveyard. You may cast it this turn, and mana of any type can be spent to cast that spell. If that spell would be put into a graveyard, exile it instead. Activate only as a sorcery.",W/B,Human; Advisor; counters; graveyard; sacrifice; removal,SOS,206,Rare,21,sac outlet + counters-on-cast; looser fit — a WB value/theft engine,4.0,hand
Pensive Professor,Creature — Human Wizard,"Increment (Whenever you cast a spell, if the amount of mana you spent is greater than this creature's power or toughness, put a +1/+1 counter on this creature.)
Whenever one or more +1/+1 counters are put on this creature, draw a card.",U,Human; Wizard; counters; card draw; increment,SOS,63,Rare,51,"Deck 51: 0/2 Increment, so nearly every spell in a 3.80-curve deck puts a counter on it and draws a card. Card-advantage engine and a growing threat in one card.",78,hand
Planar Engineering,Sorcery,"Sacrifice two lands. Search your library for four basic land cards, put them onto the battlefield tapped, then shuffle.",G,sacrifice,SOS,158,Rare,13,"ramp: sac 2 lands -> fetch 4 basics — feeds Earth Kingdom's ramp ('sacrifice' tag was a red herring, not aristocrats)",4.0,hand
Postmortem Professor,Creature — Zombie Warlock,"This creature can't block.
Whenever this creature attacks, each opponent loses 1 life and you gain 1 life.
{1}{B}, Exile an instant or sorcery card from your graveyard: Return this card from your graveyard to the battlefield.",B,Zombie; Warlock; reanimator; graveyard; lifegain,SOS,93,Rare,11,reanimator Zombie — recurs creatures for the mono-black graveyard engine,5.0,hand
Pox Plague,Sorcery,"Each player loses half their life, then discards half the cards in their hand, then sacrifices half the permanents they control of their choice. Round down each time.",B,sacrifice,SOS,94,Rare,11,symmetric pox — mono-black control rebuilds from the wreckage via tokens/reanimation,5.0,hand
Slumbering Trudge,Creature — Plant Beast,"This creature enters with a number of stun counters on it equal to three minus X. If X is 2 or less, it enters tapped. (If a permanent with a stun counter would become untapped, remove one from it instead.)",G,Plant; Beast; counters,SOS,160,Rare,7,"broadly useful — best 7 (Earth's Mightiest); also 4,13,9",4.0,hand
Splatter Technique,Sorcery,"Choose one —
• Draw four cards.
• Splatter Technique deals 4 damage to each creature and planeswalker.",U/R,card draw; burn,SOS,231,Rare,general,flexible UR: draw 4 OR sweep 4 to each creature/PW — role-player in any UR/grixis shell,6.5,hand
Sundown Pass,Land,"This land enters tapped unless you control two or more other lands.
{T}: Add {R} or {W}.",W/R,mana,SOS,264,Rare,general,"WR fixing land — generic fixing, not earthbend-specific",5.0,hand
Together as One,Sorcery,"Converge — Target player draws X cards, Together as One deals X damage to any target, and you gain X life, where X is the number of colors of mana spent to cast this spell.",Colorless,burn; converge; multicolor,SOS,4,Rare,17,Converge payoff (draw/burn/gain X = colors spent) — rewards the 5-color manabase,4.5,hand
Traumatic Critique,Instant,"Traumatic Critique deals X damage to any target. Draw two cards, then discard a card.",U/R,card draw; burn,SOS,239,Rare,general,UR X-burn + card advantage — good in any UR/spellslinger shell (cf. Prismari concept),5.5,hand
Vastlands Scavenger // Bind to Life,Creature — Bear Druid // Instant,"Deathtouch
This creature enters prepared. (While it's prepared, you may cast a copy of its spell. Doing so unprepares it.) // Mill seven cards. Then put a creature card from among them onto the battlefield.",G,Bear; Druid; mill; prepared; spellslinger; tempo; graveyard; deathtouch; combat; removal,SOS,166,Rare,6; 31,"best 6 (Dead or Alive); also 5,20b,8 | Also deck 31 (Pox) — 10-Druid go-wide shell; strong Druid fit.",5.5,hand
Vicious Rivalry,Sorcery,"As an additional cost to cast this spell, pay X life.
Destroy all artifacts and creatures with mana value X or less.",B/G,,SOS,241,Rare,general,BG fight/removal,5.5,hand
The Soul Stone,Legendary Artifact — Infinity Stone,"Indestructible
{T}: Add {B}.
{6}{B}, {T}, Exile a creature you control: Harness The Soul Stone. (Once harnessed, its ∞ ability is active.)
∞ — At the beginning of your upkeep, return target creature card from your graveyard to the battlefield.",B,Infinity; Stone; reanimator; graveyard; mana; indestructible; resilience,SPM,66,Mythic,6,,5.5,hand
"Carnage, Crimson Chaos",Legendary Creature — Symbiote Villain,"Trample
When Carnage enters, return target creature card with mana value 3 or less from your graveyard to the battlefield. It gains ""This creature attacks each combat if able"" and ""When this creature deals combat damage to a player, sacrifice it.""
Mayhem {B}{R}",B/R,Symbiote; Villain; reanimator; graveyard; sacrifice; etb; mayhem; aggro; trample; evasion,SPM,125,Rare,10,,6.0,hand
Interdimensional Web Watch,Artifact,"When this artifact enters, exile the top two cards of your library. Until the end of your next turn, you may play those cards.
{T}: Add two mana in any combination of colors. Spend this mana only to cast spells from exile.",Colorless,mana; etb; impulse,SPM,165,Rare,24,artifact: exile 2 + mana to cast from exile,4.5,hand
"Iron Spider, Stark Upgrade",Legendary Artifact Creature — Spider Hero,"Vigilance
{T}: Put a +1/+1 counter on each artifact creature and/or Vehicle you control.
{2}, Remove two +1/+1 counters from among artifacts you control: Draw a card.",Colorless,Spider; Hero; counters; card draw; vigilance; combat,SPM,166,Rare,17,,5.0,hand
Multiversal Passage,Land,"As this land enters, choose a basic land type. Then you may pay 2 life. If you don't, it enters tapped.
This land is the chosen type.",Colorless,,SPM,180,Rare,general,basic-type fixing land — any deck,6.0,hand
Strength of Will,Instant,"Until end of turn, target creature you control gains indestructible and ""Whenever this creature is dealt damage, put that many +1/+1 counters on it.""",G,counters,SPM,118,Rare,general,green protect + damage->counters combat trick — any green deck,4.0,hand
With Great Power . . .,Enchantment — Aura,"Enchant creature you control
Enchanted creature gets +2/+2 for each Aura and Equipment attached to it.
All damage that would be dealt to you is dealt to enchanted creature instead.",W,Aura; aura; pump; enchant,SPM,24,Rare,38,,3.5,hand
"Green Goblin, Revenant",Legendary Creature — Goblin Human Villain,"Flying, deathtouch
Whenever Green Goblin attacks, discard a card. Then draw a card for each card you've discarded this turn.",B/R,Goblin; Human; Villain; card draw; deathtouch; combat; removal; flying; evasion,SPM,130,Uncommon,10,,4.5,hand
Craterhoof Behemoth,Creature — Beast,"Haste
When this creature enters, creatures you control gain trample and get +X/+X until end of turn, where X is the number of creatures you control.",G,Beast; etb; pump; haste; aggro,TDM,138,Mythic,50,,9.0,hand
"Neriv, Heart of the Storm",Legendary Creature — Spirit Dragon,"Flying
If a creature you control that entered this turn would deal damage, it deals twice that much damage instead.",W/B/R,Spirit; Dragon; flying; evasion,TDM,210,Mythic,concept: Mardu,Lost its home when deck 14 converted Mardu->Rakdos (BR) for consistency; needs a Mardu (WBR) shell — no current deck. Build-around concept.,6.5,hand
Stormscale Scion,Creature — Dragon,"Flying
Other Dragons you control get +1/+1.
Storm (When you cast this spell, copy it for each spell cast before it this turn. Copies become tokens.)",R,Dragon; pump; flying; evasion; storm; spellslinger,TDM,123,Mythic,49,,7.0,hand
Magmatic Hellkite,Creature — Dragon,"Flying
When this creature enters, destroy target nonbasic land an opponent controls. Its controller searches their library for a basic land card, puts it onto the battlefield tapped with a stun counter on it, then shuffles. (If a permanent with a stun counter would become untapped, remove one from it instead.)",R,Dragon; counters; removal; etb; flying; evasion,TDM,111,Rare,49,,5.5,hand
Roar of Endless Song,Enchantment — Saga,"(As this Saga enters and after your draw step, add a lore counter. Sacrifice after III.)
I, II — Create a 5/5 green Elephant creature token.
III — Double the power and toughness of each creature you control until end of turn.",U/R/G,Saga; sacrifice; tokens; saga; double,TDM,220,Rare,17,Temur (URG) go-wide Saga (5/5 Elephants + team P/T double) — only castable in 5c Spectrum,5.5,hand
Duty Beyond Death,Instant,"As an additional cost to cast this spell, sacrifice a creature.
Creatures you control gain indestructible until end of turn. Put a +1/+1 counter on each creature you control. (Damage and effects that say ""destroy"" don't destroy those creatures.)",W,counters; sacrifice,TDM,10,Uncommon,23; 3,instant team indestructible + a permanent counter on every creature; sac cost is a token in a go-wide deck,6.0,hand
Static Snare,Enchantment,"Flash
This spell costs {1} less to cast for each attacking creature.
When this enchantment enters, exile target artifact or creature an opponent controls until this enchantment leaves the battlefield.",W,cost-reduction; removal; etb; flash; tempo,TDM,26,Uncommon,23,"flash, costs {1} less per attacking creature — often 1-2 mana in a wide deck; exiles artifact or creature",5.5,hand
Veteran Ice Climber,Creature — Human Scout,"Vigilance
This creature can't be blocked.
Whenever this creature attacks, up to one target player mills cards equal to this creature's power. (They put that many cards from the top of their library into their graveyard.)",U,Human; Scout; graveyard; mill; vigilance; combat,TDM,64,Uncommon,51a,"Deck 51a: unblockable vigilance two-drop that mills its own power on attack (+4 with Crystal). Vigilance matters twice - blocks, and stays untapped for a waterbend cost.",64,hand
Coordinated Maneuver,Instant,"Choose one —
• Coordinated Maneuver deals damage equal to the number of creatures you control to target creature or planeswalker.
• Destroy target enchantment.",W,removal,TDM,12,Common,23,"2-mana modal instant; damage mode scales with board (27 creatures in 23), or kills an enchantment",5.0,hand
Molten Exhale,Sorcery,"You may cast this spell as though it had flash if you behold a Dragon as an additional cost to cast it. (To behold a Dragon, choose a Dragon you control or reveal a Dragon card from your hand.)
Molten Exhale deals 4 damage to target creature or planeswalker.",R,burn; behold; dragons,TDM,113,Common,49,,6.0,hand
Fated Firepower,Enchantment,"Flash
This enchantment enters with X fire counters on it.
If a source you control would deal damage to an opponent or a permanent an opponent controls, it deals that much damage plus an amount of damage equal to the number of fire counters on this enchantment instead.",R,flash; tempo,TLA,132,Mythic,concept,mono-R firebending/burn payoff; try 2/14,5.5,hand
Phoenix Fleet Airship,Artifact — Vehicle,"Flying
At the beginning of your end step, if you sacrificed a permanent this turn, create a token that's a copy of this Vehicle.
As long as you control eight or more permanents named Phoenix Fleet Airship, this Vehicle is an artifact creature.
Crew 1",B,Vehicle; sacrifice; tokens; vehicle; flying; evasion; crew; vehicles,TLA,114,Mythic,21,sacrifice-matters: copies itself when you sac a permanent (quirky build-around),5.0,hand
White Lotus Tile,Artifact,"This artifact enters tapped.
{T}: Add X mana of any one color, where X is the greatest number of creatures you control that have a creature type in common.",Colorless,mana,TLA,262,Mythic,general,tribal ramp rock (X any-color = creatures sharing a type) — go-wide/tribal decks,4.5,hand
"Azula, Cunning Usurper",Legendary Creature — Human Noble Rogue,"Firebending 2 (Whenever this creature attacks, add {R}{R}. This mana lasts until end of combat.)
When Azula enters, target opponent exiles a nontoken creature they control, then they exile a nonland card from their graveyard.
During your turn, you may cast cards exiled with Azula and you may cast them as though they had flash. Mana of any type can be spent to cast those spells.",U/B,Human; Noble; Rogue; graveyard; etb; firebending; bending,TLA,208,Rare,22,"best 22 (Bloodbending); also 17,12",6.0,hand
Earth King's Lieutenant,Creature — Human Soldier Ally,"Trample
When this creature enters, put a +1/+1 counter on each other Ally creature you control.
Whenever another Ally you control enters, put a +1/+1 counter on this creature.",W/G,Human; Soldier; Ally; counters; etb; trample; evasion,TLA,217,Rare,13,Ally +1/+1 anthem — Earth Kingdom flavor + its Ally/counters theme,4.5,hand
The Fire Nation Drill,Legendary Artifact — Vehicle,"Trample
When The Fire Nation Drill enters, you may tap it. When you do, destroy target creature with power 4 or less.
{1}: Permanents your opponents control lose hexproof and indestructible until end of turn.
Crew 2",B,Vehicle; removal; etb; vehicle; crew; vehicles; trample; evasion,TLA,98,Rare,14,removal vehicle (ETB kill pow<=4; strip hexproof/indestructible) — Fire Nation flavor; generic B removal otherwise,5.5,hand
The Lion-Turtle,Legendary Creature — Elder Cat Turtle,"Vigilance, reach
When The Lion-Turtle enters, you gain 3 life.
The Lion-Turtle can't attack or block unless there are three or more Lesson cards in your graveyard.
{T}: Add one mana of any color.",U/G,Elder; Cat; Turtle; graveyard; lifegain; mana; etb; reach; defense; vigilance; combat,TLA,232,Rare,concept: Turtle,"best 19a (Bird Brain — Bant Tokens); also 17,4",4.0,hand
"Toph, the First Metalbender",Legendary Creature — Human Warrior Ally,"Nontoken artifacts you control are lands in addition to their other types. (They don't gain the ability to {T} for mana.)
At the beginning of your end step, earthbend 2. (Target land you control becomes a 0/0 creature with haste that's still a land. Put two +1/+1 counters on it. When it dies or is exiled, return it to the battlefield tapped.)",W/R/G,Human; Warrior; Ally; counters; blink; earthbend; bending,TLA,247,Rare,13,,6.0,hand
"Zhao, the Moon Slayer",Legendary Creature — Human Soldier,"Menace
Nonbasic lands enter tapped.
{7}: Put a conqueror counter on Zhao.
As long as Zhao has a conqueror counter on him, nonbasic lands are Mountains. (They lose all other land types and abilities and have ""{T}: Add {R}."")",R,Human; Soldier; counters; mana; menace; evasion,TLA,162,Rare,14,"Fire Nation flavor (heuristic top 13 on counters/mana) | fits: 13,17",4.0,hand
Inspiring Call,Instant,"Draw a card for each creature you control with a +1/+1 counter on it. Those creatures gain indestructible until end of turn. (Damage and effects that say ""destroy"" don't destroy them.)",G,counters; card draw,TLE,168,Uncommon,50,,7.0,hand
Bebop & Rocksteady,Legendary Creature — Boar Rhino Mutant,"Whenever Bebop & Rocksteady attack or block, sacrifice a permanent unless you discard a card.",B/G,Boar; Rhino; Mutant; sacrifice,TMT,140,Rare,8,"best 8 (Sacrifices); also 21,21a,5",3.5,hand
Cool but Rude,Enchantment — Class,"(Gain the next level as a sorcery to add its ability.)
Whenever you attack, you may discard a card. If you do, draw a card.
{1}{R}: Level 2
Whenever you discard a card, this Class deals 2 damage to each opponent.
{1}{R}: Level 3
When this Class becomes level 3, search your library for a card, put it into your hand, shuffle, then discard a card at random.",R,Class; card draw; burn,TMT,89,Rare,2,"best 2 (Thundergod); also 8,1,21a",4.0,hand
"Don & Raph, Hard Science",Legendary Creature — Mutant Ninja Turtle,"Menace
Whenever Don & Raph attack, the next noncreature spell you cast this turn has affinity for artifacts. (It costs {1} less to cast for each artifact you control.)",U/R,Mutant; Ninja; Turtle; menace; evasion,TMT,144,Rare,47,TMNT UR-artifacts legend — new-deck focal point (menace + artifact-affinity payoff),5.0,hand
"Donatello, Gadget Master",Legendary Creature — Mutant Ninja Turtle,"Sneak {1}{U} (You may cast this spell for {1}{U} if you also return an unblocked attacker you control to hand during the declare blockers step. He enters tapped and attacking.)
Whenever Donatello deals combat damage to a player, create a token that's a copy of target artifact you control.",U,Mutant; Ninja; Turtle; tokens; sneak; tempo; cost-reduction,TMT,35,Rare,19,Mutant Ninja Turtle — sneak/tempo token-maker for the Turtle shell,5.0,hand
Groundchuck & Dirtbag,Legendary Creature — Ox Mole Mutant,"Trample
Whenever you tap a land for mana, add {G}.",G,Ox; Mole; Mutant; trample; evasion,TMT,115,Rare,13,mono-G ramp payoff: tap a land adds an extra {G}; accelerates Earth Kingdom's ramp (TMNT flavor),4.5,hand
Improvised Arsenal,Artifact — Equipment,"Equipped creature gets +1/+0 for each artifact you control.
{4}{R}: Create a token that's a copy of this Equipment.
Equip {R}",R,Equipment; tokens; equipment; pump; equip,TMT,92,Rare,10,"broadly useful — best 10 (Mad Villainy); also 9,1,21",5.0,hand
Krang & Shredder,Legendary Creature — Utrom Human Ninja,"Whenever Krang & Shredder enter or attack, each opponent exiles cards from the top of their library until they exile a nonland card.
Disappear — At the beginning of your end step, if a permanent left the battlefield under your control this turn, you may cast a card exiled with Krang & Shredder without paying its mana cost.",U/B,Utrom; Human; Ninja; disappear,TMT,153,Rare,22; 51,"UB exile-and-cast value + mill; fits Bloodbending's UB control (TMNT flavor) | Deck 51: 6/7 for {4}{U/B}{U/B} - HYBRID, fully castable in mono-U (G-58). Threat #9 and an Omniscience payoff; Disappear needs a permanent to leave, which deck 51 does only 2-3 ways.",6.0,hand
"Madame Null, Power Broker",Legendary Creature — Demon Advisor,"Deathtouch
Whenever another creature you control enters, you may pay life equal to its power. If you do, put that many +1/+1 counters on it.",B,Demon; Advisor; counters; deathtouch; combat; removal,TMT,66,Rare,20b,"broadly useful — best 20b (Honor Among Thieves — Abzan Toughness Ramp); also 11,8,21",5.5,hand
Michelangelo's Technique,Sorcery,"Sneak {3}{G} (You may cast this spell for {3}{G} if you also return an unblocked attacker you control to hand during the declare blockers step.)
Look at the top eight cards of your library. Put up to two creature cards with total mana value 6 or less from among them onto the battlefield and the rest on the bottom of your library in a random order.",G,selection; sneak; tempo; cost-reduction,TMT,122,Rare,concept: Turtle,"best 19a (Bird Brain — Bant Tokens); also 13,5,17",4.0,hand
"Mikey & Don, Party Planners",Legendary Creature — Mutant Ninja Turtle,"Ward {2}
You may look at the top card of your library any time.
You may play lands and cast Mutant, Ninja, or Turtle spells from the top of your library. If you cast a creature spell this way, that creature enters with an additional +1/+1 counter on it.",U/G,Mutant; Ninja; Turtle; counters; selection; ward; protection,TMT,157,Rare,4,"best 4 (Quantum Realm); also 19a,17",5.5,hand
"Mutagen Man, Living Ooze",Legendary Creature — Ooze Mutant,"Trample
Activated abilities of artifact tokens you control cost {1} less to activate.
When Mutagen Man enters, create X Mutagen tokens. (They're artifacts with ""{1}, {T}, Sacrifice this token: Put a +1/+1 counter on target creature. Activate only as a sorcery."")",G,Ooze; Mutant; counters; sacrifice; tokens; etb; trample; evasion,TMT,124,Rare,4,+1/+1 counters + artifact-token sac engine — Quantum Realm's counters core; also 21/21a artifact-tokens,5.0,hand
"Raph & Mikey, Troublemakers",Legendary Creature — Mutant Ninja Turtle,"Trample, haste
Whenever Raph & Mikey attack, reveal cards from the top of your library until you reveal a creature card. Put that card onto the battlefield tapped and attacking and the rest on the bottom of your library in a random order.",R/G,Mutant; Ninja; Turtle; haste; aggro; trample; evasion,TMT,167,Rare,9,"RG aggro: on attack, cheat a creature into play attacking — fits Hulk Smash (TMNT flavor)",5.5,hand
Raphael's Technique,Instant,"Sneak {2}{R} (You may cast this spell for {2}{R} if you also return an unblocked attacker you control to hand during the declare blockers step.)
Each player may discard their hand and draw seven cards.",R,card draw; sneak; tempo; cost-reduction,TMT,105,Rare,general,"symmetric red wheel (each player may draw 7) — niche refuel, no sacrifice synergy",3.5,hand
"Rat King, Verminister",Legendary Creature — Rat Avatar,"Disappear — At the beginning of your end step, if a permanent left the battlefield under your control this turn, create a 1/1 black Rat creature token and put a +1/+1 counter on Rat King.
{T}, Sacrifice three Rats: Return target creature card and all other cards with the same name as that card from your graveyard to the battlefield tapped.",B,Rat; Avatar; counters; reanimator; graveyard; sacrifice; tokens; disappear,TMT,71,Rare,11,Rat Avatar — reanimator/sacrifice payoff; grindy mono-black value,5.0,hand
"Sally Pride, Lioness Leader",Legendary Creature — Cat Mutant Rebel,"When Sally Pride enters, create X 2/2 red Mutant creature tokens, where X is the number of nontoken creatures you control.
Whenever Sally Pride attacks, put a +1/+1 counter on each creature you control.",W,Cat; Mutant; Rebel; counters; tokens; etb,TMT,24,Rare,3,"X 2/2 tokens where X = nontoken creatures, plus attack-trigger counters on the team; a bomb in a 20-wide deck",7.5,hand
"Sally Pride, Lioness Leader",Legendary Creature — Cat Mutant Rebel,"When Sally Pride enters, create X 2/2 red Mutant creature tokens, where X is the number of nontoken creatures you control.
Whenever Sally Pride attacks, put a +1/+1 counter on each creature you control.",W,Cat; Mutant; Rebel; counters; tokens; etb,TMT,30,Rare,3,"X 2/2 tokens where X = nontoken creatures, plus attack-trigger counters on the team; a bomb in a 20-wide deck",7.5,hand
"Slash, Reptile Rampager",Legendary Creature — Mutant Berserker Turtle,"Alliance — Whenever another creature you control enters, Slash deals 2 damage to each opponent.
Whenever Slash attacks, create a 2/2 red Mutant creature token.",R,Mutant; Berserker; Turtle; tokens; burn; alliance; aggro; value,TMT,108,Rare,1,"Rakdos aggro/burn/tokens; also 10 | fits: 10,9",6.0,hand
Splinter's Technique,Sorcery,"Sneak {1}{B} (You may cast this spell for {1}{B} if you also return an unblocked attacker you control to hand during the declare blockers step.)
Search your library for a card, put that card into your hand, then shuffle.",B,sneak; tempo; cost-reduction,TMT,80,Rare,20,Ninja sneak tempo,5.0,hand
The Ooze,Legendary Artifact,"Whenever a creature you control with a +1/+1 counter on it leaves the battlefield, create a Mutagen token for each +1/+1 counter on it. (A Mutagen token is an artifact with ""{1}, {T}, Sacrifice this token: Put a +1/+1 counter on target creature. Activate only as a sorcery."")
{T}: Exile target card from a graveyard. Create a Mutagen token.",Colorless,counters; reanimator; graveyard; sacrifice; tokens; removal,TMT,177,Rare,general,counters payoff: +1/+1-counter creature dies -> Mutagen counter-tokens — fits Quantum Realm,4.5,hand
Transdimensional Bovine,Creature — Ox Avatar,"Flying
{T}: Add two mana of any one color.",G,Ox; Avatar; mana; flying; evasion,TMT,134,Rare,17,"best 19a (Bird Brain — Bant Tokens); also 17,19b,20b",4.5,hand
Turtle Power!,Enchantment,"Flash
Turtles you control get +2/+2.",G,pump; flash; tempo,TMT,135,Rare,concept: Turtle,"best 19a (Bird Brain — Bant Tokens); also 19b,17,9",3.0,hand
Turtle Van,Artifact — Vehicle,"Whenever this Vehicle attacks, put a +1/+1 counter on target creature that crewed it this turn. Then if that creature is a Mutant, Ninja, or Turtle, double the number of +1/+1 counters on it.
Crew 1 (Tap any number of creatures you control with total power 1 or more: This Vehicle becomes an artifact creature until end of turn.)",Colorless,Vehicle; counters; vehicle; crew; vehicles; double,TMT,181,Rare,concept,"TMNT payoff: crew -> counters, doubled for Mutant/Ninja/Turtle — a TMNT-tribal build-around",4.5,hand
Turtles Forever,Instant,"Search your library and/or outside the game for exactly four legendary creature cards you own with different names, then reveal those cards. An opponent chooses two of them. Put the chosen cards into your hand and shuffle the rest into your library.",W,,TMT,27,Rare,general,legendary toolbox — needs a legend-dense white shell; niche build-around,3.0,hand
Weather Maker,Artifact,"Landfall — Whenever a land you control enters, put a charge counter on this artifact.
{T}: Add one mana of any color.
{T}, Remove two charge counters from this artifact: Add {C}{C}.
{T}, Remove three charge counters from this artifact: It deals 3 damage to any target.",Colorless,counters; burn; mana; landfall; lands; ramp,TMT,182,Rare,general,landfall any-color ramp rock — flexible fixing/ramp (also 13/19a landfall),5.5,hand
Realm-Scorcher Hellkite,Creature — Dragon,"Bargain (You may sacrifice an artifact, enchantment, or token as you cast this spell.)
Flying, haste
When this creature enters, if it was bargained, add four mana in any combination of colors.
{1}{R}: This creature deals 1 damage to any target.",R,Dragon; sacrifice; burn; etb; noncombat damage; flying; evasion; haste; aggro; bargain; value,WOE,145,Mythic,49,,6.5,hand
Rootrider Faun,Creature — Satyr Scout,"{T}: Add {G}.
{1}, {T}: Add one mana of any color.",G,Satyr; Scout; mana,WOE,182,Common,50,,1.5,seed
Stormkeld Prowler,Creature — Human Rogue,"Whenever you cast a spell with mana value 5 or greater, put two +1/+1 counters on this creature.",U,Human; Rogue; counters,WOE,71,Common,51,Deck 51: two-drop that gets +2/+2 whenever you cast MV>=5 - the deck runs 11 such. Cheap clock that scales with the top end it already had.,62,hand
