Date,Match ID,Deck,Arena Deck,Arena Deck ID,My Avatar,Event,Result,Games Won,Games Lost,Opponent Avatar,Reason,Ended By,On Play,Opponent Archetype,Loss Reason,Note
2026-07-27,118fefb9-2769-482c-a810-d62a8a333825,,,,Avatar_Basic_BlackPanther_MSH,Play,L,0,1,Avatar_Basic_Slimefoot_DMU,Success,,,,,
2026-08-07,086ac249-80c6-4e80-bda1-68aa4b64fe0c,7,07 Earth’s Mightiest,e3a6c595-914d-4809-bd6d-630b3758ca89,Avatar_Basic_CaptainMarvel_MSH,Play,L,0,1,Avatar_Basic_AjaniGoldmane,Success,,,,,
2026-08-07,922c5606-b583-4011-95da-166a7ba0735b,19,19 Bird Brain- Bant,f0fd0577-3e62-4786-b7c2-0ce8b8b0ef05,Avatar_Basic_Galactus_MSH,Play,W,1,0,Avatar_Basic_Eowyn_LTR,Success,,,,,
2026-08-07,b48ecdfd-60a1-49a2-940b-96e673182aa5,7,07 Earth’s Mightiest,e3a6c595-914d-4809-bd6d-630b3758ca89,Avatar_Basic_CaptainMarvel_MSH,Play,L,0,1,Avatar_Basic_CaptainAmerica_MSH,Success,,,,,
2026-08-07,f2b4a84a-b1f3-4d74-98bd-e26e32d8f10a,19,19 Bird Brain- Bant,f0fd0577-3e62-4786-b7c2-0ce8b8b0ef05,Avatar_Basic_Galactus_MSH,Play,L,0,1,Avatar_Basic_Kaito_NEO,Success,,,,,
2026-08-09,6184e330-e976-486b-b80f-274a83f45c18,45,45 The Exiles,994ff050-0f38-4c7c-b187-eef8d44e5ec2,Avatar_Basic_Galactus_MSH,Play,W,1,0,Avatar_Basic_Ashiok_WAR,Success,,,,,
2026-08-09,7e345d6a-7306-4e66-8590-16062f24aca5,45,45 The Exiles,994ff050-0f38-4c7c-b187-eef8d44e5ec2,Avatar_Basic_Galactus_MSH,Play,W,0,0,Avatar_Basic_Zoraline_BLB,Success,Game,,,,
2026-08-09,846bf07e-2b80-4cc3-87ed-00b2a5618c7c,66,66  Lethal Protector,7d5bedba-fb3a-474e-9fbc-97859ffc47df,Avatar_Basic_Galactus_MSH,Play,W,0,0,Avatar_Basic_Adventurer,Success,Concede,,,,
2026-08-09,85bb62c5-ced4-4c60-afeb-eee0a929b262,52,52 Void Demons,87b2d0ff-cb92-4665-9606-bad230e9d0c3,Avatar_Basic_ScarletWitch_MSH,Play,W,0,0,Avatar_Basic_JaceBeleren,Success,Concede,,,,
2026-08-09,94654681-0ccd-442d-ac48-be4b11bde229,45,45 The Exiles,994ff050-0f38-4c7c-b187-eef8d44e5ec2,Avatar_Basic_Galactus_MSH,Ladder,L,0,0,Avatar_Basic_LilianaVess,Success,Game,,,,
2026-08-09,a1d24478-b9b9-48a3-92e6-f2a8e91068b2,45,45 The Exiles,994ff050-0f38-4c7c-b187-eef8d44e5ec2,Avatar_Basic_Galactus_MSH,Ladder,L,0,0,Avatar_Basic_Yshtola_FIN,Success,Timeout,,,,
2026-08-09,a9c0cec2-bd63-4736-927f-e0e9a239f94c,45,45 The Exiles,994ff050-0f38-4c7c-b187-eef8d44e5ec2,Avatar_Basic_Galactus_MSH,Ladder,L,0,1,Avatar_Basic_Kaito_NEO,Success,,,,,
2026-08-09,cfffd1b8-5161-4f8b-9b30-a4d41b5954c5,45,45 The Exiles,994ff050-0f38-4c7c-b187-eef8d44e5ec2,Avatar_Basic_Galactus_MSH,Play,W,1,0,Avatar_Basic_IronMan_MSH,Success,,,,,
2026-08-09,ddc55aaa-bd4a-4025-9fc0-58a02cdb4159,45,45 The Exiles,994ff050-0f38-4c7c-b187-eef8d44e5ec2,Avatar_Basic_Galactus_MSH,Ladder,L,0,0,Avatar_Basic_JaceBeleren,Success,Game,,,,
2026-08-09,e2ce8cfb-86a0-4625-97b3-27e088681ed7,42,42 Blood Price,4b5c7dca-1167-4175-b39e-86ac3f4087a6,Avatar_Basic_Ashiok_WAR,Play,L,0,0,Avatar_Basic_LilianaVess,Success,Game,,,,
2026-08-09,eeb55562-4b25-443d-b800-ac86a1ad5985,45,45 The Exiles,994ff050-0f38-4c7c-b187-eef8d44e5ec2,Avatar_Basic_Galactus_MSH,Ladder,L,0,1,Avatar_Basic_Tidus_FIN,Success,,,,,
2026-08-12,5c907eab-3a22-47b3-a899-373084879994,56a,56a Executioner’s Song,7a0ece97-a9a8-43f3-bc6e-5ae56484bda3,Avatar_Basic_Galactus_MSH,Play,W,0,0,Avatar_Basic_Wolverine_MSH,Success,Concede,,,,
2026-08-12,fe353ea2-1276-4ef4-9d34-33067171f4ae,28,28 Triceraton,aa9d46c9-e751-42c2-b063-3d987ef76b6c,Avatar_Basic_Galactus_MSH,Play,L,0,0,Avatar_Basic_AjaniGoldmane,Success,Game,,,,
2026-08-13,1e896aff-0bb8-4408-b0cf-237228e5ca3e,22,22 Bloodbending,6904238a-f5a2-49d9-967c-547167fecec2,Avatar_Basic_ScarletWitch_MSH,Play,L,0,0,Avatar_Basic_Bilbo_HOB,Success,Game,,,,
2026-08-13,c65e485a-d84a-45f5-92dd-89e949737407,7,07 Earth’s Mightiest,e3a6c595-914d-4809-bd6d-630b3758ca89,Avatar_Basic_CaptainMarvel_MSH,Ladder,L,0,1,Avatar_Basic_JaceBeleren,Success,Concede,,,,
2026-08-13,e842d0de-bfd0-4e14-8f9c-62b74a44f01a,32,32 Mimicry,27b30e8a-7114-44f4-8b4c-df5056758f86,Avatar_Basic_Galactus_MSH,Play,W,0,0,Avatar_Basic_Chandra_FDN,Success,Game,,,,
2026-08-14,42e74d53-b355-4a31-8549-9d98b9cf2039,54b,54b Grand Lotus- Comet,bc4d5b7d-1298-4c3d-bb38-247dab5a070b,Avatar_Basic_Galactus_MSH,Play,W,1,0,Avatar_Basic_GideonJura,Success,Game,,,,
2026-08-14,69611cd1-82b1-493d-9acc-fcb7b5959554,54b,54b Grand Lotus- Comet,bc4d5b7d-1298-4c3d-bb38-247dab5a070b,Avatar_Basic_Galactus_MSH,Play,L,0,1,Avatar_Basic_Krang_TMT,Success,Game,,,,
2026-08-14,772dc70f-5249-4d53-9843-9656f016f490,15,15 Air Nomads,8dc84eb5-b2e3-450c-9a00-b2d6a7ec516d,Avatar_Basic_ShangChi_MSH,Play,W,1,0,Avatar_Basic_ScarletWitch_MSH,Success,Concede,,,,
2026-08-14,884de5ba-cb80-4162-ba26-a461057de55a,54b,54b Grand Lotus- Comet,bc4d5b7d-1298-4c3d-bb38-247dab5a070b,Avatar_Basic_Galactus_MSH,Play,L,0,1,Avatar_Basic_AjaniGoldmane,Success,Game,,,,
2026-08-14,ca8bd230-fa7b-4cd4-abea-91594325baab,15,15 Air Nomads,8dc84eb5-b2e3-450c-9a00-b2d6a7ec516d,Avatar_Basic_ShangChi_MSH,Play,W,1,0,Avatar_Basic_AjaniGoldmane,Success,Concede,,,,
2026-08-15,1fc5a289-cabb-4b3c-9ae3-e9303080d36a,15,15 Air Nomads,8dc84eb5-b2e3-450c-9a00-b2d6a7ec516d,Avatar_Basic_ShangChi_MSH,Ladder,W,0,0,Avatar_Basic_AjaniGoldmane,Success,Game,,,,
2026-08-15,ab1975bd-c78a-4386-a590-9a0c5e1c3805,42,42 Blood Price,4b5c7dca-1167-4175-b39e-86ac3f4087a6,Avatar_Basic_Ashiok_WAR,Play,L,0,0,Avatar_Basic_Smaug_HOB,Success,Game,,,,
2026-08-15,c2088f12-7e4e-40f8-ab5b-62c96ab61ada,42a,42a Bloody Bodies,d4eb209b-5fd2-473f-a0be-367febaeedb6,Avatar_Basic_Galactus_MSH,Play,L,0,0,Avatar_Basic_AjaniGoldmane,Success,Concede,,,,
2026-08-16,3707cf9b-42c0-4cb8-81bc-0ff347c73174,35a,35a Ninja Avatar,0d8e35d1-82c4-4bbe-b175-98b12c0ddd94,Avatar_Basic_Galactus_MSH,Play,L,0,0,Avatar_Basic_CaseyJones_TMT,Success,Game,,,,
2026-08-16,39c82520-04c7-46dc-a64f-61ff5f5aa7d2,35a,35a Ninja Avatar,0d8e35d1-82c4-4bbe-b175-98b12c0ddd94,Avatar_Basic_Galactus_MSH,Play,L,0,0,Avatar_Basic_Bard_HOB,Success,Game,,,,
2026-08-16,4ebf31fa-b3c4-40f2-b0e4-a0990a3256a1,35a,35a Ninja Avatar,0d8e35d1-82c4-4bbe-b175-98b12c0ddd94,Avatar_Basic_Galactus_MSH,Play,L,0,0,Avatar_Basic_JaceBeleren,Success,Timeout,,,,
2026-08-16,5eb6bb74-34a1-4a60-8118-ab0866cb6652,68,68a Frog Sage: Seer,1073648b-ed2c-4078-a7c9-940b8ebb49a9,Avatar_Basic_Galactus_MSH,Play,L,0,0,Avatar_Basic_Elspeth_MOM,Success,Concede,,,,
2026-08-16,69bdd493-302d-41c7-b1a1-72512cc14b76,27,27 Blink,11789d14-ed99-489e-9ad7-52a30549dbc7,Avatar_Basic_JaceBeleren,Play,L,0,0,Avatar_Basic_ShangChi_MSH,Success,Game,,,,
2026-08-16,858ead8e-1a97-4d04-998e-8a9b1060c54e,74a,74a Smaug's Vault,1bc4e2ad-0f0c-46fd-b304-701f89d327b0,Avatar_Basic_Galactus_MSH,Play,L,0,0,Avatar_Basic_AjaniGoldmane,Success,Game,,,,
2026-08-16,cee46207-d3ff-470a-b21c-5761d273e7ab,68,68a Frog Sage: Seer,1073648b-ed2c-4078-a7c9-940b8ebb49a9,Avatar_Basic_Galactus_MSH,Play,W,0,0,Avatar_Basic_Basri_M21,Success,Concede,,,,
2026-08-16,e130f746-e0d6-4a51-a1ae-0eeb1a6cac9c,16,16 Moon Spirit,697e3fd9-7143-4ef4-af0f-fda0b908eb1f,Avatar_Basic_ScarletWitch_MSH,Play,W,0,0,Avatar_Basic_Gandalf_HOB,Success,Concede,,,,
2026-08-16,e71b007e-83f8-4197-843c-8b29b269fcbd,27,27 Blink,11789d14-ed99-489e-9ad7-52a30549dbc7,Avatar_Basic_JaceBeleren,Play,W,0,0,Avatar_Basic_Squall_FIN,Success,Concede,,,,
2026-08-17,42e3a035-7176-4c7a-8fb9-f56b9fe5c343,37,37a Wiz-Khalifa,a3d75fc7-4c52-4e4d-9385-e9728952458b,Avatar_Basic_Galactus_MSH,Play,W,0,0,Avatar_Basic_Gollum_HOB,Success,Concede,,,,
2026-08-17,54db21b4-8c65-4f72-80c9-095ed79a0534,37,37a Wiz-Khalifa,a3d75fc7-4c52-4e4d-9385-e9728952458b,Avatar_Basic_Galactus_MSH,Play,W,0,0,Avatar_Basic_Killian_SOS,Success,Concede,,,,
2026-08-17,c5408e5d-d3e1-4e4a-93ff-40adec592e31,37,37a Wiz-Khalifa,a3d75fc7-4c52-4e4d-9385-e9728952458b,Avatar_Basic_Galactus_MSH,Play,W,0,0,Avatar_Basic_VivienReid,Success,Game,,,,
2026-08-18,234dc3ad-d427-4d3b-b01b-fcef9b28a54e,19,19 Bird Brain,f0fd0577-3e62-4786-b7c2-0ce8b8b0ef05,Avatar_Basic_Galactus_MSH,Play,W,0,0,Avatar_Basic_Eshki_TDM,Success,Concede,,,,
2026-08-18,3fa211bf-949a-4c7e-a72a-23446fe576d7,37,37a Wiz-Khalifa,a3d75fc7-4c52-4e4d-9385-e9728952458b,Avatar_Basic_Galactus_MSH,Play,L,0,0,Avatar_Basic_AjaniGoldmane,Success,Game,,,,
2026-08-18,ad5889c2-5fee-448f-9c17-c18902feaa2d,19,19 Bird Brain,f0fd0577-3e62-4786-b7c2-0ce8b8b0ef05,Avatar_Basic_Galactus_MSH,Play,W,0,0,Avatar_Basic_Ashiok_WAR,Success,Game,,,,
2026-08-18,ee11df34-9957-4265-84b0-97dea7ed3294,72,72 Goblin Kamikaze,d8c2de92-daad-4a45-a81d-3d78cf53cdcc,Avatar_Basic_Galactus_MSH,Play,L,0,0,Avatar_Basic_LilianaVess,Success,Game,,,,
2026-08-19,0cce0f98-a946-42a1-bc32-313fe9833fe8,55a,55a Imperial Storm,a0a64a8b-6fbe-4809-85af-afce093d96f2,Avatar_Basic_Galactus_MSH,Play,W,0,0,Avatar_Basic_AjaniGoldmane,Success,Game,,,,
2026-08-19,1cef49b3-6164-4b14-ba9e-e23326cb9c15,42a,42a Bloody Bodies,d4eb209b-5fd2-473f-a0be-367febaeedb6,Avatar_Basic_Galactus_MSH,Play,L,0,0,Avatar_Basic_BilboRiddles_HOB,Success,Concede,,,,
2026-08-19,2e67b001-c2da-487b-a020-7f32856585dd,42a,42a Bloody Bodies,d4eb209b-5fd2-473f-a0be-367febaeedb6,Avatar_Basic_Galactus_MSH,Play,W,0,0,Avatar_Basic_JaceBeleren,Success,Concede,,,,
2026-08-19,3dcf7d57-b1f0-428b-897f-c3c1d6cee206,42a,42a Bloody Bodies,d4eb209b-5fd2-473f-a0be-367febaeedb6,Avatar_Basic_Galactus_MSH,Play,W,0,0,Avatar_Basic_Finneas_BLB,Success,Concede,,,,
2026-08-19,7abd3a27-b8bd-49c7-8fe8-e30f7412d755,72,72 Goblin Kamikaze,d8c2de92-daad-4a45-a81d-3d78cf53cdcc,Avatar_Basic_Galactus_MSH,Play,W,0,0,Avatar_Basic_Ugluk_LTR,Success,Concede,,,,
2026-08-19,8ec5117d-3728-401f-b71d-f523c008e5f4,42a,42a Bloody Bodies,d4eb209b-5fd2-473f-a0be-367febaeedb6,Avatar_Basic_Galactus_MSH,Play,L,0,0,Avatar_Basic_JaceBeleren,Success,Game,,,,
2026-08-19,f38ea250-7f8a-446c-a982-09fde4c685cc,42a,42a Bloody Bodies,d4eb209b-5fd2-473f-a0be-367febaeedb6,Avatar_Basic_Galactus_MSH,Play,W,0,0,Avatar_Basic_Michelangelo_TMT,Success,Game,,,,
2026-08-20,326d2d4d-168f-452e-bf52-04894e8d1e03,74a,74a Smaug's Vault,1bc4e2ad-0f0c-46fd-b304-701f89d327b0,Avatar_Basic_Galactus_MSH,Play,W,0,0,Avatar_Basic_VivienReid,Success,Game,,,,
2026-08-20,48a17b2a-9ef3-4b40-866b-02263ff2885b,,,,Avatar_Basic_Galactus_MSH,PremierDraft_HOB_20260811,W,0,0,Avatar_Basic_Phelddagrif,Success,Concede,,,,
2026-08-20,823823d0-0b62-4225-bf3a-65e20438e01d,63,63 Heirloom,08090a22-f52e-44aa-9aaa-fea0088c1532,Avatar_Basic_Galactus_MSH,Play,L,0,0,Avatar_Basic_Atraxa_MOM,Success,Game,,,,
2026-08-20,9b748108-9e55-4f7a-a9cc-0fa0a604f06d,59,59 Stampede,ad82fe6f-4d38-458d-9563-087499c190bf,Avatar_Basic_Galactus_MSH,Play,W,0,0,Avatar_Basic_MilesMorales_SPM,Success,Game,,,,
2026-08-20,b4f3a3b1-4485-4032-835f-10a7202c01e7,74a,74a Smaug's Vault,1bc4e2ad-0f0c-46fd-b304-701f89d327b0,Avatar_Basic_Galactus_MSH,Play,L,0,0,Avatar_Basic_CaseyJones_TMT,Success,Game,,,,
2026-08-20,fa496712-064f-42e7-8780-3101dec74e07,,,,Avatar_Basic_Galactus_MSH,PremierDraft_HOB_20260811,L,0,0,Avatar_Basic_Helga_BLB,Success,Game,,,,
2026-08-21,14ca9b42-c6e2-46b5-b0d8-bd5a9ffa465c,59,59 Stampede,ad82fe6f-4d38-458d-9563-087499c190bf,Avatar_Basic_Galactus_MSH,Play,W,1,0,Avatar_Basic_BilboRiddles_HOB,Success,Game,,,,
2026-08-21,a04b811d-6bd7-4d89-a003-9205b9eeec09,59,59 Stampede,ad82fe6f-4d38-458d-9563-087499c190bf,Avatar_Basic_Galactus_MSH,Play,W,1,0,Avatar_Basic_Gollum_HOB,Success,Concede,,,,
2026-08-24,124b1ee3-36d5-4b8c-8131-90ae28b676c2,74a,74a Smaug's Vault,1bc4e2ad-0f0c-46fd-b304-701f89d327b0,Avatar_Basic_Galactus_MSH,Play,W,1,0,Avatar_Basic_Gollum_HOB,Success,Concede,,,,
2026-08-24,229c0d11-7330-4139-9e68-4488c80ae4da,43,43 Uatu The Watcher,40651353-dd7e-4c43-b718-832d478c69f7,Avatar_Basic_Galactus_MSH,Play,L,0,1,Avatar_Basic_Bard_HOB,Success,Game,,,,
2026-08-25,2da3626b-ddc0-44af-b60a-6402b9b37a2a,69a,69a Bear-Wolf: Ursa Major,311c203b-f355-4a56-b5a1-4cd44a9ef8ed,Avatar_Basic_Galactus_MSH,Play,W,1,0,Avatar_Basic_AjaniGoldmane,Success,Game,,,,
2026-08-25,3495bf19-8dfa-4e24-9e98-2323b9b2f64a,50,50 Hoofprint,a634cf3c-01e0-426e-b46a-38a89f15d7d0,Avatar_Basic_Galactus_MSH,Play,L,0,1,Avatar_Basic_Gollum_HOB,Success,Game,,,,
2026-08-25,81b551a7-8b25-4cc1-9426-21c6437dda3d,31,31 Pox,c8394616-e2ae-4d34-a42c-5320ca45dd15,Avatar_Basic_Galactus_MSH,Play,W,1,0,Avatar_Basic_AjaniGoldmane,Success,Concede,,,,
2026-08-25,b8dd35ff-dab6-471d-a74d-134241b1d0cc,50a,50a Hoofprint- Strata,3da8355c-bee9-4941-bca7-76b5e86a6ded,Avatar_Basic_Galactus_MSH,Play,L,0,1,Avatar_Basic_BilboRiddles_HOB,Success,Game,,,,
2026-08-26,2d7b2076-eda9-401c-a07c-4f047d8b0642,68,68a Frog Sage: Seer,1073648b-ed2c-4078-a7c9-940b8ebb49a9,Avatar_Basic_Galactus_MSH,Play,L,0,1,Avatar_Basic_Ajani_FDN,Success,Game,,,,
2026-08-26,ad59cf6f-912f-4afd-8afc-922d3829ff6c,68,68a Frog Sage: Seer,1073648b-ed2c-4078-a7c9-940b8ebb49a9,Avatar_Basic_Galactus_MSH,Play,W,1,0,Avatar_Basic_TheWanderer_NEO,Success,Concede,,,,
2026-08-27,0e98e065-cea4-4b87-be7e-e2e394c1b2df,40a,40a ParadoXponential,67b936ca-ebcb-4372-b35c-ce369119f41d,Avatar_Basic_Galactus_MSH,Ladder,L,0,1,Avatar_Basic_AjaniGoldmane,Success,Game,,,,
2026-08-27,23d5f77c-4c20-4680-80e2-0c779160ac3c,40a,40a ParadoXponential,67b936ca-ebcb-4372-b35c-ce369119f41d,Avatar_Basic_Galactus_MSH,Ladder,W,1,0,Avatar_Basic_Galadriel_LTR,Success,Concede,,,,
2026-08-27,32ae2597-4333-4bf7-be93-ec0344ce9b53,40a,40a ParadoXponential,67b936ca-ebcb-4372-b35c-ce369119f41d,Avatar_Basic_Galactus_MSH,Ladder,W,1,0,Avatar_Basic_Gollum_HOB,Success,Concede,,,,
2026-08-27,cd166897-5570-4a6c-b9d7-e96e3cad8051,40a,40a ParadoXponential,67b936ca-ebcb-4372-b35c-ce369119f41d,Avatar_Basic_Galactus_MSH,Ladder,W,1,0,Avatar_Basic_ChandraNalaar,Success,Timeout,,,,
2026-08-31,5029daa1-f603-4ce5-9780-3be06f0e14f9,59,59 Stampede,ad82fe6f-4d38-458d-9563-087499c190bf,Avatar_Basic_Galactus_MSH,Play,L,0,1,Avatar_Basic_VivienReid,Success,Game,,,,
2026-08-31,96d9af4a-9ace-4a9b-a2cf-6c93eaa6294f,59,59 Stampede,ad82fe6f-4d38-458d-9563-087499c190bf,Avatar_Basic_Galactus_MSH,Ladder,W,1,0,Avatar_Basic_Smaug_HOB,Success,Concede,,,,
2026-08-31,a21cd470-63bd-43cc-9292-0cc70d50aa20,59,59 Stampede,ad82fe6f-4d38-458d-9563-087499c190bf,Avatar_Basic_Galactus_MSH,Play,W,1,0,Avatar_Basic_VivienReid,Success,Game,,,,
2026-09-02,01b9fc5a-a4b5-4562-a949-4d1cc60dce9a,78,78 Team Avatar,354e2dd0-561f-469e-af48-2f9bc4e6f5f4,Avatar_Basic_Galactus_MSH,Play,L,0,1,Avatar_Basic_Finneas_BLB,Success,Game,,,,
2026-09-02,5bb9ce65-675b-45cc-a54c-9027b0187d3d,78,78 Team Avatar,354e2dd0-561f-469e-af48-2f9bc4e6f5f4,Avatar_Basic_Galactus_MSH,Play,L,0,1,Avatar_Basic_JaceBeleren,Success,Concede,,,,
2026-09-02,60362ae5-994c-4239-9243-d705eb47738f,78,78 Team Avatar,354e2dd0-561f-469e-af48-2f9bc4e6f5f4,Avatar_Basic_Galactus_MSH,Play,W,1,0,Avatar_Basic_Smaug_HOB,Success,Concede,,,,
2026-09-02,974d1cef-7081-460f-b331-32a42c1aade5,78,78 Team Avatar,354e2dd0-561f-469e-af48-2f9bc4e6f5f4,Avatar_Basic_Galactus_MSH,Play,W,1,0,Avatar_Basic_AjaniGoldmane,Success,Game,,,,
2026-09-02,aaf30b10-e1bb-4013-8788-cdaab5b82ae2,78,78 Team Avatar,354e2dd0-561f-469e-af48-2f9bc4e6f5f4,Avatar_Basic_Galactus_MSH,Play,W,1,0,Avatar_Basic_Ashiok_WAR,Success,Concede,,,,
2026-09-02,ae9e79d0-7685-434b-a6f8-72bead2cecb1,78,78 Team Avatar,354e2dd0-561f-469e-af48-2f9bc4e6f5f4,Avatar_Basic_Galactus_MSH,Play,W,1,0,Avatar_Basic_Ashiok_WAR,Success,Game,,,,
2026-09-02,c2ce3c09-fd27-45ed-bbbf-f5224431c39e,78,78 Team Avatar,354e2dd0-561f-469e-af48-2f9bc4e6f5f4,Avatar_Basic_Galactus_MSH,Play,W,1,0,Avatar_Basic_Serra_MH1,Success,Concede,,,,
2026-09-03,28dff148-3559-4ca4-910c-69fe2f136b2a,48a,48a Autopilot,4a0ff8e9-9340-45a8-8818-cef148458044,Avatar_Basic_CaptainMarvel_MSH,Play,W,1,0,Avatar_Basic_AjaniGoldmane,Success,Concede,,,,
2026-09-03,6e8601b9-b808-40e7-9e8e-c4a618d0ea65,78,78 Team Avatar,354e2dd0-561f-469e-af48-2f9bc4e6f5f4,Avatar_Basic_Galactus_MSH,Ladder,W,1,0,Avatar_Basic_JaceBeleren,Success,Game,,,,
2026-09-03,79ddffaf-7df6-4fa3-b6ca-6ad21797253f,48a,48a Autopilot,4a0ff8e9-9340-45a8-8818-cef148458044,Avatar_Basic_CaptainMarvel_MSH,Play,W,1,0,Avatar_Basic_Ugluk_LTR,Success,Concede,,,,
2026-09-03,89139f50-12c9-4ae1-9833-4308367e5fef,78,78 Team Avatar,354e2dd0-561f-469e-af48-2f9bc4e6f5f4,Avatar_Basic_Galactus_MSH,Ladder,L,0,1,Avatar_Basic_Ferrafor_ECL,Success,Game,,,,
2026-09-03,8ccf4958-89f9-428a-aa21-aba525de2e82,78,78 Team Avatar,354e2dd0-561f-469e-af48-2f9bc4e6f5f4,Avatar_Basic_Galactus_MSH,Ladder,W,1,0,Avatar_Basic_Aang_TLA,Success,Game,,,,
2026-09-03,beacc809-00a7-41f2-8842-04ad9cf98b17,78,78 Team Avatar,354e2dd0-561f-469e-af48-2f9bc4e6f5f4,Avatar_Basic_Galactus_MSH,Ladder,L,0,1,Avatar_Basic_BlackWidow_MSH,Success,Concede,,,,
2026-09-03,ca2a72c4-4af2-49a1-aa97-f729e3e78793,78,78 Team Avatar,354e2dd0-561f-469e-af48-2f9bc4e6f5f4,Avatar_Basic_Galactus_MSH,Ladder,W,1,0,Avatar_Basic_Radagast_HOB,Success,Game,,,,
2026-09-05,3176f6ca-2ea4-442d-8555-d9ed62ecb926,68,68a Frog Sage: Seer,1073648b-ed2c-4078-a7c9-940b8ebb49a9,Avatar_Basic_Galactus_MSH,Play,W,1,0,Avatar_Basic_Gandalf_HOB,Success,Concede,,,,
2026-09-05,33d0d592-85b3-4ae9-8dc8-47f95738de45,68,68a Frog Sage: Seer,1073648b-ed2c-4078-a7c9-940b8ebb49a9,Avatar_Basic_Galactus_MSH,Play,L,0,1,Avatar_Basic_Smaug_HOB,Success,Game,,,,
2026-09-05,72bdedf9-847a-414a-b2c9-7d9e4329cf2a,68,68a Frog Sage: Seer,1073648b-ed2c-4078-a7c9-940b8ebb49a9,Avatar_Basic_Galactus_MSH,Play,W,1,0,Avatar_Basic_Nahiri_ZNR,Success,Concede,,,,
2026-09-08,3b02abf8-898a-4ac5-a8ee-97b532c0a342,71,71 Zaffai's Maelstrom,f8689a78-0f81-4b96-b68f-239b397cb665,Avatar_Basic_Galactus_MSH,Play,W,1,0,Avatar_Basic_AjaniGoldmane,Success,Concede,,,,
2026-09-08,415ff33b-fda4-4734-8335-ec16429afc1b,71,71 Zaffai's Maelstrom,f8689a78-0f81-4b96-b68f-239b397cb665,Avatar_Basic_Galactus_MSH,Play,W,1,0,Avatar_Basic_Thorin_HOB,Success,Concede,,,,
2026-09-08,452c1c68-cd5b-490c-a105-d3a574c8fb93,56b,56b Warp Missile,cb9a28d6-ed9d-49b6-835a-6aadc3d6353e,Avatar_Basic_Galactus_MSH,Play,L,0,1,Avatar_Basic_AjaniGoldmane,Success,Concede,,,,
2026-09-08,9a39aa8a-c2c9-4718-a501-7505a30d539c,56a,56a Executioner’s,19b10a39-bfc6-4cf3-8150-8b1f16665df3,Avatar_Basic_Galactus_MSH,Play,W,1,0,Avatar_Basic_Stilzkin_FIN,Success,Concede,,,,
2026-09-09,54cad948-1f53-42e7-8e77-5f035b4b84ed,58,58 Treasure Planet,4f83c097-3c1f-4c01-b5c9-44f3463e7960,Avatar_Basic_Galactus_MSH,Play,L,0,1,Avatar_Basic_Smaug_HOB,Success,Game,,,,
2026-09-09,7b89b457-dd61-43a0-87dd-99be2ddd3cce,58,58 Treasure Planet,4f83c097-3c1f-4c01-b5c9-44f3463e7960,Avatar_Basic_Galactus_MSH,Play,L,0,1,Avatar_Basic_Wolverine_MSH,Success,Concede,,,,
2026-09-11,1385218e-dbde-4516-8261-818c9da707e0,50a,50a Hoofprint- Strata,3da8355c-bee9-4941-bca7-76b5e86a6ded,Avatar_Basic_Galactus_MSH,Play,L,0,1,Avatar_Basic_VivienReid,Success,Game,,,,
2026-09-11,5f53db15-5a3b-4a45-ac52-d5675a6bd1d2,23,23 Avengers Assemble!,7d02496b-9887-450c-8497-9d6ab0e31b70,Avatar_Basic_Galactus_MSH,Play,L,0,1,Avatar_Basic_BilboRiddles_HOB,Success,Game,,,,
2026-09-11,7f93d355-86c3-4438-9902-38ce61443bff,50a,50a Hoofprint- Strata,3da8355c-bee9-4941-bca7-76b5e86a6ded,Avatar_Basic_Galactus_MSH,Play,W,1,0,Avatar_Basic_AjaniGoldmane,Success,Concede,,,,
2026-09-11,916c6e86-26e1-412f-a715-45c57b85c7b9,26,26 Iron Colossi,61b262e2-2f32-4076-a484-0a04b54bcf0d,Avatar_Basic_Galactus_MSH,Play,L,0,1,Avatar_Basic_PeterParker_SPM,Success,Timeout,,,,
2026-09-11,99508a50-e49b-432e-a1bb-bb72873681ee,50a,50a Hoofprint- Strata,3da8355c-bee9-4941-bca7-76b5e86a6ded,Avatar_Basic_Galactus_MSH,Play,L,0,1,Avatar_Basic_Gollum_HOB,Success,Game,,,,
2026-09-11,ee3e3d28-e269-4861-943f-9fafa431d2f2,23,23 Avengers Assemble!,3fdeb8da-a424-4425-8c04-bd6bcffaac59,Avatar_Basic_Galactus_MSH,Play,L,0,1,Avatar_Basic_SarkhanVol,Success,Concede,,,,
2026-09-12,7a69835f-cefe-49cc-8a89-a5b46ddb9f67,23,23 Avengers Assemble!,3fdeb8da-a424-4425-8c04-bd6bcffaac59,Avatar_Basic_Galactus_MSH,Play,L,0,1,Avatar_Basic_VivienReid,Success,Game,,,,
2026-09-12,89ebcf41-b964-4a6b-81bf-fb96eeb27c00,43,43 Uatu The Watcher,40651353-dd7e-4c43-b718-832d478c69f7,Avatar_Basic_Galactus_MSH,Play,L,0,1,Avatar_Basic_Radagast_HOB,Success,Concede,,,,
2026-09-12,9f8dd5ec-be98-46fe-a247-82ae1f0708f2,23,23 Avengers Assemble!,3fdeb8da-a424-4425-8c04-bd6bcffaac59,Avatar_Basic_Galactus_MSH,Play,L,0,1,Avatar_Basic_Ashiok_WAR,Success,Game,,,,
2026-09-12,e5c84e53-520d-49b6-aaaf-737b1ae5f6c3,23,23 Avengers Assemble!,3fdeb8da-a424-4425-8c04-bd6bcffaac59,Avatar_Basic_Galactus_MSH,Play,W,1,0,Avatar_Basic_DrDoom_MSH,Success,Game,,,,
2026-09-14,34787fe5-01ea-4da4-b012-6118075d33de,47,47 Grid Overload,6ff4a40e-08bf-41a1-b7ed-3d36ad518807,Avatar_Basic_Galactus_MSH,Ladder,W,1,0,Avatar_Basic_JaceBeleren,Success,Game,,,,
2026-09-14,89bf4592-36bb-48ae-b508-bbaaab7b861d,47,47 Grid Overload,6ff4a40e-08bf-41a1-b7ed-3d36ad518807,Avatar_Basic_Galactus_MSH,Ladder,L,0,1,Avatar_Basic_Radagast_HOB,Success,Game,,,,
2026-09-14,d2714531-195b-4a8c-9fc4-e13bada31020,47,47 Grid Overload,6ff4a40e-08bf-41a1-b7ed-3d36ad518807,Avatar_Basic_Galactus_MSH,Play,W,1,0,Avatar_Basic_CaptainAmerica_MSH,Success,Concede,,,,
2026-09-14,f2ab7e0b-703a-4b98-ae7b-d926d1926640,50a,50a Hoofprint- Strata,3da8355c-bee9-4941-bca7-76b5e86a6ded,Avatar_Basic_Galactus_MSH,Play,W,1,0,Avatar_Basic_Smaug_HOB,Success,Concede,,,,
2026-09-15,3010ed87-58ac-4041-81c3-e0a296ef21d7,72,72 Goblin Kamikaze,d8c2de92-daad-4a45-a81d-3d78cf53cdcc,Avatar_Basic_Galactus_MSH,Play,L,0,1,Avatar_Basic_AjaniGoldmane,Success,Game,,,,
2026-09-15,4299dff0-9e22-4964-a8e7-74448bcbf71f,72,72 Goblin Kamikaze,d8c2de92-daad-4a45-a81d-3d78cf53cdcc,Avatar_Basic_Galactus_MSH,Play,W,1,0,Avatar_Basic_Smaug_HOB,Success,Concede,,,,
2026-09-15,42bb9f61-5c2c-43e9-bca5-9cf94e9cbec3,72,72 Goblin Kamikaze,d8c2de92-daad-4a45-a81d-3d78cf53cdcc,Avatar_Basic_Galactus_MSH,Play,W,1,0,Avatar_Basic_Gandalf_HOB,Success,Concede,,,,
2026-09-15,4a5bda07-7342-4995-a7a8-5d3421a79938,72,72 Goblin Kamikaze,d8c2de92-daad-4a45-a81d-3d78cf53cdcc,Avatar_Basic_Galactus_MSH,Play,L,0,1,Avatar_Basic_Ashiok_WAR,Success,Game,,,,
2026-09-15,6925775e-fc22-49ee-847b-8f5c51b85f59,47,47 Grid Overload,6ff4a40e-08bf-41a1-b7ed-3d36ad518807,Avatar_Basic_Galactus_MSH,Play,L,0,1,Avatar_Basic_Ashiok_WAR,Success,Concede,,,,
2026-09-15,769b55d7-3472-46e3-8af1-6fa1af061606,72,72 Goblin Kamikaze,d8c2de92-daad-4a45-a81d-3d78cf53cdcc,Avatar_Basic_Galactus_MSH,Play,L,0,1,Avatar_Basic_Radagast_HOB,Success,Game,,,,
2026-09-15,9086701b-329a-4299-af71-51699f3c73c9,47,47 Grid Overload,6ff4a40e-08bf-41a1-b7ed-3d36ad518807,Avatar_Basic_Galactus_MSH,Ladder,L,0,1,Avatar_Basic_Ultron_MSH,Success,Game,,,,
2026-09-15,dd068ebc-0038-4c9b-9e7e-6243b1cfe1d5,72,72 Goblin Kamikaze,d8c2de92-daad-4a45-a81d-3d78cf53cdcc,Avatar_Basic_Galactus_MSH,Play,L,0,1,Avatar_Basic_AjaniGoldmane,Success,Concede,,,,
2026-09-15,e3ab56c9-047a-4ce2-a916-112a7fc95a7d,72,72 Goblin Kamikaze,d8c2de92-daad-4a45-a81d-3d78cf53cdcc,Avatar_Basic_Galactus_MSH,Play,L,0,1,Avatar_Basic_Zimone_FDN,Success,Game,,,,
2026-09-16,3384e48b-ef44-4a0b-9fd5-a569c5615534,47,47 Grid Overload,6ff4a40e-08bf-41a1-b7ed-3d36ad518807,Avatar_Basic_Galactus_MSH,Play,W,1,0,Avatar_Basic_JaceBeleren,Success,Concede,,,,
2026-09-16,3ec52068-73b8-4612-ad0b-5c167008c944,6,06 Dead or Alive,263e61da-c799-4cf2-ab7b-5fa4f71536f6,Avatar_Basic_Adventurer,Play,L,0,1,Avatar_Basic_Elspeth_MOM,Success,Concede,,,,
2026-09-16,911f0b9c-6137-4f17-b23b-f43ca34620cc,79,79 Gambit's Draw,2fde6f4f-8de8-49a5-8a44-0980735f14c6,Avatar_Basic_Galactus_MSH,Play,L,0,1,Avatar_Basic_BilboRiddles_HOB,Success,Game,,,,
2026-09-16,98746a1f-5378-4d62-a50d-ea11ac04dd4f,50a,50a Hoofprint- Strata,3da8355c-bee9-4941-bca7-76b5e86a6ded,Avatar_Basic_Galactus_MSH,Play,W,1,0,Avatar_Basic_Elspeth_MOM,Success,Game,,,,
2026-09-16,bc0cd64d-c18d-41ca-89eb-71200ab2a5ce,79,79 Gambit's Draw,2fde6f4f-8de8-49a5-8a44-0980735f14c6,Avatar_Basic_Galactus_MSH,Play,W,1,0,Avatar_Basic_SarkhanVol,Success,Concede,,,,
2026-09-17,1fd09955-f97d-4e79-8a2d-97638581b517,45,45 The Exiles,c5b28301-7213-4130-b505-e8b75f48d382,Avatar_Basic_Galactus_MSH,Play,L,0,1,Avatar_Basic_Radagast_HOB,Success,Game,,,,
2026-09-17,2cbd29f3-8e60-45c6-bb98-417022a5f8be,45,45 The Exiles,c5b28301-7213-4130-b505-e8b75f48d382,Avatar_Basic_Galactus_MSH,Play,W,1,0,Avatar_Basic_Venom_SPM,Success,Concede,,,,
2026-09-17,3e320b77-1e53-41d9-8e6a-5b3027557c88,45,45 The Exiles,c5b28301-7213-4130-b505-e8b75f48d382,Avatar_Basic_Galactus_MSH,Play,W,1,0,Avatar_Basic_Thorin_HOB,Success,Game,,,,
2026-09-17,4711ba17-5695-4880-b907-8fe47d990b3d,45,45 The Exiles,c5b28301-7213-4130-b505-e8b75f48d382,Avatar_Basic_Galactus_MSH,Ladder,L,0,1,Avatar_Basic_AjaniGoldmane,Success,Concede,,,,
2026-09-17,92842266-1fdb-4c5b-aa86-e264f13988a3,41,41 Soul Inversion,27aa36c0-bec0-4738-9fca-fce28503dc54,Avatar_Basic_Galactus_MSH,Play,L,0,1,Avatar_Basic_JaceBeleren,Success,Game,,,,
2026-09-17,955bd42f-79ac-4f8c-8be8-99ccd4dc7bfd,45,45 The Exiles,c5b28301-7213-4130-b505-e8b75f48d382,Avatar_Basic_Galactus_MSH,Play,W,1,0,Avatar_Basic_Yuna_FIN,Success,Concede,,,,
2026-09-17,c1287e93-f5e2-4ba7-b63a-d6e3baa0db3f,45,45 The Exiles,c5b28301-7213-4130-b505-e8b75f48d382,Avatar_Basic_Galactus_MSH,Play,W,1,0,Avatar_Basic_Venom_SPM,Success,Concede,,,,
2026-09-17,c17bef9e-0e38-440f-a331-52175bba48e3,45,45 The Exiles,c5b28301-7213-4130-b505-e8b75f48d382,Avatar_Basic_Galactus_MSH,Play,L,0,1,Avatar_Basic_Gandalf_HOB,Success,Game,,,,
2026-09-18,e25f3bb0-ed79-4985-92a1-dcf1bb742af5,41,41 Soul Inversion,5be2b0b9-923b-44f6-9c64-ac5f9f99ef57,Avatar_Basic_Galactus_MSH,Play,W,1,0,Avatar_Basic_ChandraNalaar,Success,Game,,,,
2026-09-19,09695b39-b000-4fba-8b6f-4d4c414c0a33,79,79 Gambit's Draw,2fde6f4f-8de8-49a5-8a44-0980735f14c6,Avatar_Basic_Galactus_MSH,Play,W,1,0,Avatar_Basic_Ashiok_WAR,Success,Concede,,,,
2026-09-19,48adaa4d-84a4-4386-b726-3f3ee1a839a9,16,16 Water Tribe Moon Spirit,a0d66957-190c-4711-89a4-326faacd489c,Avatar_Basic_Galactus_MSH,Play,W,1,0,Avatar_Basic_Radagast_HOB,Success,Timeout,,,,
2026-09-19,5aae3f7e-e1fa-4073-a4ea-a3355f5a0949,79,79 Gambit's Draw,2fde6f4f-8de8-49a5-8a44-0980735f14c6,Avatar_Basic_Galactus_MSH,Ladder,W,1,0,Avatar_Basic_Tezzeret,Success,Game,,,,
2026-09-19,5ca6c535-3d26-499d-8186-abf5a58f6229,79,79 Gambit's Draw,2fde6f4f-8de8-49a5-8a44-0980735f14c6,Avatar_Basic_Galactus_MSH,Play,L,0,1,Avatar_Basic_Radagast_HOB,Success,Game,,,,
2026-09-19,bd879f15-0c1e-4abb-aa88-f912d6e32d41,79,79 Gambit's Draw,2fde6f4f-8de8-49a5-8a44-0980735f14c6,Avatar_Basic_Galactus_MSH,Play,W,1,0,Avatar_Basic_Smaug_HOB,Success,Game,,,,
2026-09-19,ce239669-50d2-41a8-b2aa-1a6dc461c3eb,79,79 Gambit's Draw,2fde6f4f-8de8-49a5-8a44-0980735f14c6,Avatar_Basic_Galactus_MSH,Ladder,L,0,1,Avatar_Basic_Radagast_HOB,Success,Concede,,,,
2026-09-19,d2e1220f-e29e-4327-b2a5-87d3885118ac,79,79 Gambit's Draw,2fde6f4f-8de8-49a5-8a44-0980735f14c6,Avatar_Basic_Galactus_MSH,Ladder,L,0,1,Avatar_Basic_Elektra_MSH,Success,Game,,,,
2026-09-19,f0b194d2-bd31-430c-8bed-15e5bd397d24,79,79 Gambit's Draw,2fde6f4f-8de8-49a5-8a44-0980735f14c6,Avatar_Basic_Galactus_MSH,Play,L,0,1,Avatar_Basic_VivienReid,Success,Game,,,,
2026-09-19,f4f96702-ee94-4c56-aebd-7cbc0b636ce8,79,79 Gambit's Draw,2fde6f4f-8de8-49a5-8a44-0980735f14c6,Avatar_Basic_Galactus_MSH,Play,L,0,1,Avatar_Basic_Ultron_MSH,Success,Game,,,,
2026-09-19,fbb31fda-ae59-42c1-ab00-7d1847b440f4,79,79 Gambit's Draw,2fde6f4f-8de8-49a5-8a44-0980735f14c6,Avatar_Basic_Galactus_MSH,Play,W,1,0,Avatar_Basic_Ashiok_WAR,Success,Concede,,,,
2026-09-20,0dbab85f-a552-4953-a6e8-3c7358d38146,69,69 Bear-Wolf,9e88298a-21f7-4746-a739-6da900cc9343,Avatar_Basic_Galactus_MSH,Play,L,0,1,Avatar_Basic_PeterParker_SPM,Success,Concede,,,,
2026-09-20,0dc985e8-de51-43da-9d38-eea5b40e775b,69,69 Bear-Wolf,9e88298a-21f7-4746-a739-6da900cc9343,Avatar_Basic_Galactus_MSH,Play,W,1,0,Avatar_Basic_Elspeth_MOM,Success,Concede,,,,
2026-09-20,2a185794-fbe4-405d-920f-5630a6ce2e7b,58,58 Treasure Planet,0e6fb415-4b1a-439b-a8a5-88a57a383e65,Avatar_Basic_Galactus_MSH,Play,W,1,0,Avatar_Basic_Gandalf_HOB,Success,Game,,,,
2026-09-20,680caca5-d8d1-4bb9-b343-4c1c66eb36b4,69,69 Bear-Wolf,9e88298a-21f7-4746-a739-6da900cc9343,Avatar_Basic_Galactus_MSH,Play,L,0,1,Avatar_Basic_AjaniGoldmane,Success,Game,,,,
2026-09-20,6cf26868-dcbc-4ea4-9c78-3c5ce64d7d7f,58,58 Treasure Planet,0e6fb415-4b1a-439b-a8a5-88a57a383e65,Avatar_Basic_Galactus_MSH,Ladder,L,0,1,Avatar_Basic_AjaniGoldmane,Success,Concede,,,,
2026-09-20,6ecc94a3-392c-4ec5-b77a-f99bc2ee3e17,79,79 Gambit’s Draw,b7c0e639-dfb6-463d-a896-20e2c512cc54,Avatar_Basic_Galactus_MSH,Ladder,W,1,0,Avatar_Basic_JaceBeleren,Success,Game,,,,
2026-09-20,99701593-d4fb-4340-a1c6-98b2e5308619,79,79 Gambit’s Draw,b7c0e639-dfb6-463d-a896-20e2c512cc54,Avatar_Basic_Galactus_MSH,Ladder,W,1,0,Avatar_Basic_VivienReid,Success,Concede,,,,
2026-09-20,bce4d5ea-b555-4a5c-abda-9247138564ad,58,58 Treasure Planet,0e6fb415-4b1a-439b-a8a5-88a57a383e65,Avatar_Basic_Galactus_MSH,Play,W,1,0,Avatar_Basic_AjaniGoldmane,Success,Concede,,,,
2026-09-20,dcc3f71c-1cd7-43f6-a786-6dcb38e7fc95,79,79 Gambit’s Draw,b7c0e639-dfb6-463d-a896-20e2c512cc54,Avatar_Basic_Galactus_MSH,Ladder,W,1,0,Avatar_Basic_Azula_TLA,Success,Game,,,,
2026-09-20,f2a44352-d874-4580-9963-89622e7e4b75,79,79 Gambit’s Draw,b7c0e639-dfb6-463d-a896-20e2c512cc54,Avatar_Basic_Galactus_MSH,Ladder,L,0,1,Avatar_Basic_Karn,Success,Game,,,,
2026-09-20,fcb7240e-8b2b-4709-820d-779b604588ed,58,58 Treasure Planet,4f83c097-3c1f-4c01-b5c9-44f3463e7960,Avatar_Basic_Galactus_MSH,Play,L,0,1,Avatar_Basic_Smaug_HOB,Success,Concede,,,,
2026-09-21,281a72d5-1dbb-41d5-b6ee-2297541833fc,3,03 Knight’s Edge,22398c4c-ccff-4305-96ea-a3b3d468caed,Avatar_Basic_Galactus_MSH,Play,W,1,0,Avatar_Basic_Radagast_HOB,Success,Concede,,,,
2026-09-21,2a349c23-315c-4054-a5fd-8a2171904d5a,58,58 Treasure Planet,e96eca40-b8cd-498d-ac95-3f0a27ccd703,Avatar_Basic_Galactus_MSH,Ladder,L,0,1,Avatar_Basic_Thorin_HOB,Success,Game,,,,
2026-09-21,5f62291e-5456-4306-8695-babaa917536f,3,03 Knight’s Edge,22398c4c-ccff-4305-96ea-a3b3d468caed,Avatar_Basic_Galactus_MSH,Play,W,1,0,Avatar_Basic_AjaniGoldmane,Success,Concede,,,,
2026-09-21,b633a7c8-3324-48f0-886f-91c61cb40c80,79,79 Gambit’s Draw,b7c0e639-dfb6-463d-a896-20e2c512cc54,Avatar_Basic_Galactus_MSH,Ladder,W,1,0,Avatar_Basic_Elspeth_MOM,Success,Game,,,,
2026-09-21,c82e026d-6849-4bc9-86d7-30675bceae4b,3,03 Knight’s Edge,22398c4c-ccff-4305-96ea-a3b3d468caed,Avatar_Basic_Galactus_MSH,Play,W,1,0,Avatar_Basic_SarkhanVol,Success,Concede,,,,
2026-09-22,11dee4e6-d0c2-4d78-aea5-d93c4367eeec,58,58 Treasure Planet,e96eca40-b8cd-498d-ac95-3f0a27ccd703,Avatar_Basic_Galactus_MSH,Play,W,1,0,Avatar_Basic_PeterParker_SPM,Success,Concede,,,,
2026-09-22,48816ed3-8460-420f-a94e-d0b83fa990bc,58,58 Treasure Planet,e96eca40-b8cd-498d-ac95-3f0a27ccd703,Avatar_Basic_Galactus_MSH,Ladder,W,1,0,Avatar_Basic_Teferi,Success,Concede,,,,
2026-09-22,8e24fd5b-54a6-4f90-9b0d-14b2c4de7d09,58,58 Treasure Planet,e96eca40-b8cd-498d-ac95-3f0a27ccd703,Avatar_Basic_Galactus_MSH,Ladder,L,0,1,Avatar_Basic_AjaniGoldmane,Success,Game,,,,
2026-09-22,eccf92a4-7f5a-4a78-b8c9-4f83a16ad04f,1,01 Black Sun,481ff989-bb8e-4794-b5bb-19e4163f9cf5,Avatar_Basic_NickFury_MSH,Play,W,1,0,Avatar_Basic_Karn,Success,Game,,,,
2026-09-22,f38c8076-ffbe-4c05-a858-480e91f9f622,58,58 Treasure Planet,e96eca40-b8cd-498d-ac95-3f0a27ccd703,Avatar_Basic_Galactus_MSH,Ladder,W,1,0,Avatar_Basic_Radagast_HOB,Success,Game,,,,
2026-09-23,264e3c80-ae47-4ac8-9368-3ee3fd9f1d90,4,04 Quantum Realm,2d465831-3d31-4d26-8318-1ca49dae59e0,Avatar_Basic_Galactus_MSH,Play,L,0,1,Avatar_Basic_LilianaVess,Success,Concede,,,,
2026-09-23,3f2b214b-cdfb-45ab-bc38-d6ef0b62ee68,52a,52a Void Realm,c076f66b-cb8a-4596-b152-c1ae1071cc5b,Avatar_Basic_Galactus_MSH,Play,L,0,1,Avatar_Basic_AjaniGoldmane,Success,Game,,,,
2026-09-23,56d8cfac-8246-412d-8a64-7b031c83d15d,4,04 Quantum Realm,2d465831-3d31-4d26-8318-1ca49dae59e0,Avatar_Basic_Galactus_MSH,Play,W,1,0,Avatar_Basic_Radagast_HOB,Success,Concede,,,,
2026-09-23,a70e15b8-4557-4c6b-a978-6d47a7d2e758,52a,52a Void Realm,c076f66b-cb8a-4596-b152-c1ae1071cc5b,Avatar_Basic_Galactus_MSH,Play,L,0,1,Avatar_Basic_AjaniGoldmane,Success,Game,,,,
2026-09-23,dd88ce5e-d0c0-437c-9caf-0b49f12b2fdb,16,16 Water Tribe Moon Spirit,8c067cc4-f4d0-48a1-b20b-0ad911eba2ac,Avatar_Basic_Galactus_MSH,Play,W,1,0,Avatar_Basic_Kaito_NEO,Success,Game,,,,
2026-09-23,ee718891-b565-47e5-a18b-e6f6d3be0da4,16,16 Water Tribe Moon Spirit,8c067cc4-f4d0-48a1-b20b-0ad911eba2ac,Avatar_Basic_Galactus_MSH,Play,L,0,1,Avatar_Basic_AjaniGoldmane,Success,Game,,,,
2026-09-23,f04bdcb8-1943-46a4-b473-6a658cfc79f4,16,16 Water Tribe Moon Spirit,8c067cc4-f4d0-48a1-b20b-0ad911eba2ac,Avatar_Basic_Galactus_MSH,Play,L,0,1,Avatar_Basic_Brass_LCI,Success,Game,,,,
2026-09-24,33b45c52-a137-4da8-9194-d033f61444bc,7,07 Earth's Mightiest,e14b11b7-c30e-4567-8519-5fe03e4d1e6f,Avatar_Basic_Galactus_MSH,Play,L,0,1,Avatar_Basic_Tezzeret,Success,Concede,,,,
2026-09-24,3e254c45-d865-4c8d-bc99-7921404ca738,7,07 Earth's Mightiest,e14b11b7-c30e-4567-8519-5fe03e4d1e6f,Avatar_Basic_Galactus_MSH,Play,L,0,1,Avatar_Basic_Ultron_MSH,Success,Game,,,,
2026-09-24,587ac69f-7687-4f36-a983-a01f4c218282,7,07 Earth's Mightiest,e14b11b7-c30e-4567-8519-5fe03e4d1e6f,Avatar_Basic_Galactus_MSH,Play,D,0,0,Avatar_Basic_Daredevil_MSH,Success,Force,,,,
2026-09-24,62823941-c05c-48d4-800f-d8d2777494cd,7,07 Earth's Mightiest,e14b11b7-c30e-4567-8519-5fe03e4d1e6f,Avatar_Basic_Galactus_MSH,Play,W,1,0,Avatar_Basic_Radagast_HOB,Success,Concede,,,,
2026-09-24,ade560eb-dc6d-48a5-9bae-8e5503de8f52,7,07 Earth's Mightiest,e14b11b7-c30e-4567-8519-5fe03e4d1e6f,Avatar_Basic_Galactus_MSH,Play,L,0,1,Avatar_Basic_Thorin_HOB,Success,Game,,,,
2026-09-24,d20c0f91-3783-41c0-9662-066473c40568,7,07 Earth's Mightiest,e14b11b7-c30e-4567-8519-5fe03e4d1e6f,Avatar_Basic_Galactus_MSH,Play,W,1,0,Avatar_Basic_Wolverine_MSH,Success,Timeout,,,,
2026-09-24,e00c396c-aa30-4ef0-b679-328cfc26c454,7,07 Earth's Mightiest,e14b11b7-c30e-4567-8519-5fe03e4d1e6f,Avatar_Basic_Galactus_MSH,Play,L,0,1,Avatar_Basic_Ashling_ECL,Success,Game,,,,
2026-09-24,f464e848-745d-4618-8cfa-a2ee6abfb21b,7,07 Earth's Mightiest,e14b11b7-c30e-4567-8519-5fe03e4d1e6f,Avatar_Basic_Galactus_MSH,Play,L,0,1,Avatar_Basic_Karn,Success,Concede,,,,
2026-09-24,f7b40af5-d018-4705-aee2-e2cf64b4dd53,7,07 Earth's Mightiest,e14b11b7-c30e-4567-8519-5fe03e4d1e6f,Avatar_Basic_Galactus_MSH,Play,W,1,0,Avatar_Basic_Adventurer,Success,Concede,,,,
2026-09-25,2cbf5d55-41e0-477d-8e0b-14326ac2f788,9,09 Hulk Smash,526138c5-bbfd-4094-afd4-67a748f1cb89,Avatar_Basic_Galactus_MSH,Play,L,0,1,Avatar_Basic_Sarkhan_J21,Success,Concede,,,,
2026-09-25,7286d13c-2863-41c7-8232-b421fa252505,9,09 Hulk Smash,526138c5-bbfd-4094-afd4-67a748f1cb89,Avatar_Basic_Galactus_MSH,Play,L,0,1,Avatar_Basic_AjaniGoldmane,Success,Concede,,,,
2026-09-25,8a40d89d-467a-4818-8b26-7ce3d28c92a0,9,09 Hulk Smash,526138c5-bbfd-4094-afd4-67a748f1cb89,Avatar_Basic_Galactus_MSH,Play,W,1,0,Avatar_Basic_Kaito_NEO,Success,Concede,,,,
2026-09-25,99663a34-75f6-4909-9f39-181167ce4e42,9,09 Hulk Smash,526138c5-bbfd-4094-afd4-67a748f1cb89,Avatar_Basic_Galactus_MSH,Play,W,1,0,Avatar_Basic_Cactuar_FIN,Success,Concede,,,,
